configurationID,H264,no_8x8dct,no_asm,no_cabac,no_deblock,no_fast_pskip,no_mbtree,no_mixed_refs,no_weightb,rc_lookahead,ref,size,usertime,systemtime,elapsedtime
1,true,true,true,false,true,true,false,true,true,20,9,48,2.553,0.060,0.755
10,true,true,true,true,false,true,false,false,true,40,9,56,2.630,0.066,0.856
100,true,true,true,false,true,false,true,true,false,40,1,64,1.142,0.050,0.341
1000,true,true,true,true,false,true,true,true,false,40,9,64,2.570,0.061,0.760
1001,true,false,true,false,true,false,false,true,false,60,5,56,1.524,0.057,0.484
1002,true,false,true,true,false,true,false,false,false,60,5,56,1.803,0.058,0.611
1003,true,false,true,false,true,false,false,true,false,60,1,56,1.116,0.052,0.349
1004,true,false,true,true,false,true,false,false,false,60,1,56,1.076,0.052,0.344
1005,true,true,true,false,true,true,false,false,true,60,1,56,1.059,0.051,0.327
1006,true,true,true,false,true,true,false,false,true,60,9,52,2.615,0.064,0.845
1007,true,true,true,false,true,true,false,false,true,60,5,56,1.790,0.061,0.584
1008,true,false,true,false,true,false,false,true,false,60,9,56,2.176,0.062,0.673
1009,true,false,true,true,true,false,false,false,true,20,1,52,1.058,0.050,0.313
101,true,false,true,false,false,false,true,false,false,40,5,60,1.657,0.055,0.508
1010,true,false,true,true,false,true,false,false,false,60,9,56,2.633,0.067,0.884
1011,true,true,true,true,true,true,false,false,false,20,1,52,1.053,0.050,0.312
1012,true,false,true,true,true,true,true,false,false,60,5,68,1.915,0.061,0.598
1013,true,false,true,true,true,true,true,true,false,40,1,68,1.165,0.050,0.348
1014,true,false,true,true,true,true,true,false,false,60,1,68,1.117,0.050,0.338
1015,true,true,true,true,true,true,false,false,false,20,9,48,2.649,0.069,0.848
1016,true,true,true,true,true,true,false,false,false,20,5,52,1.775,0.058,0.565
1017,true,true,true,true,false,false,false,true,false,60,1,56,1.062,0.053,0.340
1018,true,false,true,true,true,true,true,true,false,40,9,68,2.559,0.060,0.764
1019,true,true,true,true,false,true,true,true,false,60,1,64,1.152,0.050,0.343
102,true,true,true,true,false,true,true,false,false,40,1,64,1.107,0.051,0.333
1020,true,false,true,true,true,true,true,true,false,40,5,68,1.790,0.055,0.544
1021,true,false,true,true,true,true,true,false,false,60,9,64,2.727,0.063,0.858
1022,true,true,true,true,false,true,true,true,false,60,5,64,1.738,0.054,0.524
1023,true,false,true,true,false,true,false,true,false,60,1,56,1.125,0.053,0.358
1024,true,true,true,true,false,true,true,true,false,60,9,64,2.568,0.061,0.760
1025,true,false,true,true,false,false,true,false,true,20,9,68,2.450,0.065,0.750
1026,true,true,true,false,true,true,false,true,false,60,1,56,1.065,0.051,0.331
1027,true,false,true,true,false,false,true,false,true,20,1,68,1.123,0.051,0.342
1028,true,false,true,true,false,false,true,false,true,20,5,68,1.640,0.053,0.508
1029,true,true,true,false,true,true,false,true,false,60,9,56,2.511,0.066,0.772
103,true,true,true,false,true,false,true,true,false,40,5,64,1.562,0.054,0.485
1030,true,false,true,false,true,false,false,false,true,20,9,48,2.149,0.059,0.657
1031,true,true,true,true,false,false,false,true,false,60,5,56,1.551,0.057,0.496
1032,true,true,true,true,true,true,false,true,true,40,9,56,2.476,0.062,0.753
1033,true,false,true,false,true,false,false,false,true,20,5,48,1.509,0.055,0.461
1034,true,true,true,false,true,true,false,true,false,60,5,56,1.714,0.058,0.535
1035,true,true,true,true,false,false,false,true,false,60,9,56,2.173,0.059,0.673
1036,true,false,true,false,true,false,false,false,true,20,1,48,1.061,0.052,0.312
1037,true,false,true,true,false,true,false,true,false,60,9,56,2.501,0.068,0.784
1038,true,true,true,true,true,true,false,false,true,60,5,56,1.771,0.058,0.583
1039,true,true,true,true,true,true,false,true,true,40,1,56,1.041,0.050,0.317
104,true,false,true,false,false,false,true,false,false,40,1,64,1.174,0.051,0.350
1040,true,false,true,true,false,true,false,true,false,60,5,56,1.689,0.059,0.544
1041,true,true,true,true,true,true,false,false,true,60,9,56,2.592,0.065,0.844
1042,true,true,true,true,true,true,false,true,true,40,5,56,1.698,0.056,0.529
1043,true,false,true,true,true,true,true,false,false,40,5,68,1.868,0.056,0.586
1044,true,false,true,true,true,true,true,true,false,20,1,68,1.125,0.049,0.337
1045,true,true,true,true,true,true,false,false,false,40,1,56,1.072,0.052,0.328
1046,true,false,true,true,true,true,true,false,false,40,1,68,1.225,0.054,0.366
1047,true,true,true,false,false,true,false,false,true,20,9,48,2.673,0.062,0.849
1048,true,true,true,true,true,true,false,false,false,40,9,56,2.640,0.064,0.855
1049,true,true,true,true,true,true,false,true,false,20,5,52,1.700,0.055,0.517
105,true,true,true,true,false,true,true,false,false,40,5,64,1.857,0.056,0.584
1050,true,true,true,false,false,true,false,false,true,20,5,48,1.804,0.056,0.574
1051,true,true,true,true,true,true,false,true,false,20,1,52,1.071,0.052,0.318
1052,true,true,true,true,true,true,false,false,false,40,5,56,1.747,0.057,0.571
1053,true,true,true,false,false,true,false,false,true,20,1,48,1.131,0.051,0.329
1054,true,false,true,true,false,false,true,false,true,40,1,68,1.146,0.050,0.349
1055,true,false,true,true,true,true,true,true,false,20,9,68,2.615,0.058,0.780
1056,true,false,true,true,true,true,true,false,false,40,9,64,2.749,0.062,0.870
1057,true,false,true,true,true,true,true,true,false,20,5,68,1.813,0.055,0.547
1058,true,false,true,true,false,false,true,true,true,20,9,68,2.231,0.061,0.695
1059,true,false,true,true,false,false,true,false,true,40,5,68,1.714,0.056,0.532
106,true,true,true,false,true,false,true,true,false,40,9,64,2.246,0.058,0.691
1060,true,false,true,true,false,false,true,true,true,20,1,68,1.156,0.053,0.351
1061,true,true,true,false,true,true,false,true,false,40,1,52,1.193,0.056,0.357
1062,true,true,true,false,true,true,false,false,false,60,5,52,1.790,0.057,0.589
1063,true,false,true,true,false,false,true,false,true,40,9,68,2.419,0.062,0.743
1064,true,false,true,true,false,false,true,true,true,20,5,68,1.604,0.055,0.496
1065,true,true,true,false,true,true,false,false,false,60,1,56,1.109,0.052,0.342
1066,true,true,true,true,true,true,false,true,true,60,9,56,2.542,0.064,0.783
1067,true,true,true,false,true,true,false,true,false,40,9,52,2.578,0.061,0.778
1068,true,true,true,false,true,true,false,true,false,40,5,52,1.802,0.058,0.556
1069,true,true,true,true,true,true,false,true,false,20,9,52,2.597,0.061,0.775
107,true,false,true,false,false,false,false,true,false,20,1,48,1.152,0.054,0.342
1070,true,true,true,false,true,true,false,false,false,60,9,52,2.686,0.060,0.877
1071,true,true,true,true,true,true,false,true,true,60,1,56,1.086,0.054,0.339
1072,true,true,true,true,true,true,false,true,true,60,5,56,1.723,0.057,0.546
1073,true,false,true,true,true,true,true,false,false,20,1,68,1.353,0.055,0.401
1074,true,false,true,false,true,false,false,true,true,20,9,48,2.179,0.059,0.665
1075,true,true,true,true,false,false,false,false,false,40,1,56,1.104,0.053,0.337
1076,true,false,true,false,true,true,true,false,false,60,9,64,2.844,0.066,0.890
1077,true,false,true,true,false,false,true,true,false,60,9,68,2.338,0.065,0.722
1078,true,false,true,false,true,true,true,true,false,40,5,64,1.854,0.056,0.554
1079,true,false,true,false,true,true,true,true,false,40,9,64,2.744,0.062,0.806
108,true,true,true,true,false,true,true,false,false,40,9,64,2.845,0.066,0.895
1080,true,false,true,true,false,false,true,false,true,60,1,68,1.166,0.053,0.353
1081,true,false,true,true,true,true,true,false,false,20,9,64,2.801,0.061,0.886
1082,true,false,true,false,true,true,true,false,false,60,1,64,1.197,0.051,0.352
1083,true,false,true,true,false,false,true,true,false,60,1,64,1.202,0.055,0.374
1084,true,false,true,true,true,true,true,false,false,20,5,68,1.961,0.058,0.616
1085,true,false,true,true,false,false,true,true,false,60,5,68,1.654,0.057,0.515
1086,true,false,true,false,true,true,true,false,false,60,5,64,1.939,0.057,0.598
1087,true,false,true,false,true,true,true,true,false,40,1,64,1.188,0.051,0.350
1088,true,true,true,false,true,false,true,false,true,20,1,64,1.158,0.051,0.347
1089,true,false,true,true,false,false,true,true,true,40,9,68,2.290,0.060,0.705
109,true,false,true,false,true,false,false,false,false,60,9,56,2.441,0.065,0.763
1090,true,true,true,false,true,false,true,false,true,20,5,64,1.709,0.054,0.522
1091,true,true,true,true,false,false,false,true,true,60,9,56,2.300,0.062,0.703
1092,true,true,true,false,true,false,true,false,true,20,9,64,2.457,0.059,0.749
1093,true,false,true,true,false,false,true,false,true,60,5,68,1.785,0.059,0.552
1094,true,false,true,true,false,false,true,true,true,40,1,68,1.189,0.053,0.359
1095,true,false,true,true,false,false,true,false,true,60,9,68,2.448,0.061,0.749
1096,true,false,true,true,false,false,true,true,true,40,5,68,1.628,0.057,0.508
1097,true,true,true,true,false,false,false,false,false,40,5,52,1.652,0.058,0.521
1098,true,true,true,true,true,true,false,false,true,20,9,52,2.711,0.063,0.861
1099,true,true,true,true,false,false,false,true,false,20,1,48,1.163,0.053,0.342
11,true,false,true,true,true,true,true,false,true,40,1,68,1.188,0.052,0.352
110,true,false,true,false,false,false,false,true,false,20,5,48,1.579,0.058,0.484
1100,true,false,true,false,true,false,false,true,true,40,9,52,2.174,0.061,0.664
1101,true,false,true,false,true,false,false,false,true,60,9,56,2.369,0.063,0.741
1102,true,true,true,true,false,false,false,false,false,40,9,52,2.324,0.061,0.720
1103,true,false,true,false,true,false,false,true,true,40,5,52,1.640,0.058,0.498
1104,true,true,true,true,false,false,false,true,false,20,5,52,1.564,0.059,0.483
1105,true,false,true,false,true,false,false,false,true,60,5,56,1.645,0.057,0.522
1106,true,true,true,true,false,false,false,true,true,60,5,56,1.575,0.057,0.495
1107,true,true,true,true,true,true,false,false,true,20,1,52,1.159,0.054,0.339
1108,true,false,true,false,true,false,false,true,true,40,1,52,1.139,0.053,0.345
1109,true,true,true,true,false,false,false,true,false,20,9,52,2.159,0.060,0.669
111,true,false,true,false,false,true,true,false,false,20,1,64,1.250,0.052,0.374
1110,true,false,true,false,true,false,false,false,true,60,1,56,1.131,0.053,0.349
1111,true,true,true,true,false,false,false,true,true,60,1,56,1.099,0.052,0.343
1112,true,true,true,true,true,true,false,false,true,20,5,52,1.816,0.057,0.575
1113,true,true,true,true,true,true,false,false,true,60,1,56,1.095,0.053,0.339
1114,true,true,true,true,false,false,false,false,false,60,1,56,1.133,0.053,0.356
1115,true,true,true,true,false,false,false,false,false,60,5,56,1.641,0.055,0.527
1116,true,true,true,true,false,false,false,true,false,40,1,56,1.115,0.053,0.342
1117,true,false,true,true,false,false,true,false,false,60,9,64,2.463,0.059,0.757
1118,true,false,true,true,false,false,true,true,false,40,5,68,1.642,0.055,0.508
1119,true,false,true,false,true,true,true,true,false,60,9,64,2.712,0.062,0.798
112,true,false,true,false,true,false,false,false,false,60,5,56,1.653,0.057,0.530
1120,true,false,true,true,true,true,true,false,true,20,5,68,2.067,0.063,0.639
1121,true,false,true,true,false,false,true,true,false,40,9,68,2.365,0.064,0.735
1122,true,false,true,true,false,false,true,true,true,60,1,68,1.163,0.051,0.352
1123,true,false,true,true,true,true,true,false,true,20,1,68,1.172,0.050,0.347
1124,true,false,true,false,true,true,true,true,false,60,1,64,1.196,0.052,0.352
1125,true,false,true,true,false,false,true,false,false,60,1,64,1.237,0.057,0.378
1126,true,false,true,false,true,true,true,true,false,60,5,64,1.847,0.056,0.553
1127,true,false,true,true,false,false,true,false,false,60,5,64,1.722,0.054,0.533
1128,true,false,true,true,false,false,true,true,false,40,1,64,1.181,0.052,0.360
1129,true,true,true,false,true,false,true,false,true,60,1,64,1.158,0.051,0.346
113,true,false,true,false,false,false,false,true,false,20,9,48,2.187,0.062,0.670
1130,true,true,true,false,true,false,true,false,true,40,1,64,1.154,0.053,0.345
1131,true,true,true,false,true,false,true,true,true,20,1,64,1.146,0.051,0.344
1132,true,true,true,false,true,false,true,false,true,40,5,64,1.694,0.054,0.515
1133,true,false,true,true,false,false,true,true,true,60,5,68,1.625,0.058,0.504
1134,true,true,true,false,true,false,true,true,true,20,5,64,1.601,0.054,0.491
1135,true,true,true,false,true,false,true,false,true,40,9,64,2.482,0.063,0.756
1136,true,false,true,true,false,false,true,true,true,60,9,68,2.239,0.059,0.690
1137,true,false,true,true,true,true,true,false,true,20,9,68,2.760,0.060,0.868
1138,true,true,true,false,true,false,true,true,true,20,9,64,2.243,0.059,0.689
1139,true,true,true,true,true,true,false,false,true,40,9,56,2.630,0.062,0.862
114,true,false,true,false,false,true,true,false,false,20,5,64,1.985,0.059,0.617
1140,true,true,true,true,false,false,false,false,false,60,9,56,2.429,0.066,0.759
1141,true,true,true,true,false,false,false,true,false,40,5,56,1.545,0.056,0.481
1142,true,false,true,false,true,false,false,true,true,20,5,48,1.509,0.055,0.457
1143,true,true,true,true,true,true,false,true,true,20,5,52,1.737,0.056,0.528
1144,true,false,true,false,true,false,false,false,true,40,9,52,2.350,0.062,0.722
1145,true,false,true,false,true,false,false,true,true,20,1,48,1.117,0.051,0.327
1146,true,true,true,true,false,false,false,true,false,40,9,56,2.202,0.061,0.682
1147,true,true,true,true,true,true,false,true,true,20,9,52,2.629,0.061,0.785
1148,true,false,true,false,true,false,false,false,true,40,5,52,1.660,0.058,0.517
1149,true,true,true,true,true,true,false,false,true,40,1,56,1.115,0.053,0.338
115,true,false,true,false,false,true,false,false,true,60,9,56,2.843,0.066,0.928
1150,true,false,true,false,true,false,false,false,true,40,1,52,1.152,0.054,0.346
1151,true,true,true,true,true,true,false,false,true,40,5,56,1.812,0.058,0.591
1152,true,true,true,true,true,true,false,true,true,20,1,52,1.107,0.052,0.322
116,true,false,true,false,true,false,false,false,false,60,1,56,1.121,0.052,0.351
117,true,false,true,false,false,true,true,false,false,20,9,64,2.855,0.064,0.891
118,true,false,true,false,false,true,false,false,true,60,5,56,1.881,0.059,0.633
119,true,true,true,false,true,true,true,true,false,20,9,64,2.707,0.065,0.792
12,true,true,true,false,true,false,false,true,true,40,5,52,1.537,0.055,0.475
120,true,false,true,false,false,true,false,false,true,60,1,56,1.133,0.052,0.351
121,true,true,true,false,false,true,true,true,true,40,5,64,1.817,0.055,0.541
122,true,true,true,false,false,true,true,true,true,40,9,64,2.651,0.057,0.773
123,true,true,true,false,true,true,true,true,false,20,1,60,1.220,0.053,0.363
124,true,true,true,false,true,true,false,true,true,60,5,56,1.784,0.058,0.558
125,true,true,true,false,true,true,true,true,false,20,5,64,1.866,0.056,0.555
126,true,true,true,false,true,true,false,true,true,60,1,56,1.141,0.054,0.349
127,true,true,true,false,true,true,false,true,true,40,9,52,2.633,0.062,0.794
128,true,false,true,false,false,false,true,false,false,60,9,64,2.468,0.062,0.749
129,true,false,true,false,false,true,true,false,true,20,1,64,1.197,0.050,0.354
13,true,true,true,true,false,true,false,false,true,40,5,56,1.831,0.058,0.596
130,true,false,true,true,true,true,false,true,false,40,9,56,2.647,0.064,0.812
131,true,true,true,true,false,true,true,false,false,60,1,64,1.221,0.053,0.366
132,true,false,true,false,false,true,true,false,true,20,5,64,1.937,0.058,0.606
133,true,true,true,false,true,false,true,true,false,60,1,64,1.152,0.051,0.348
134,true,false,true,true,true,true,false,true,false,40,5,56,1.762,0.056,0.555
135,true,true,true,true,false,true,true,false,false,60,5,64,1.989,0.063,0.624
136,true,false,true,false,false,true,true,false,true,20,9,64,2.823,0.061,0.885
137,true,true,true,false,true,false,true,true,false,60,5,64,1.639,0.056,0.509
138,true,false,true,false,false,false,true,false,false,60,5,60,1.700,0.054,0.523
139,true,true,true,true,false,true,true,false,false,60,9,64,2.829,0.064,0.892
14,true,false,true,false,true,true,false,false,false,20,9,48,2.738,0.066,0.885
140,true,true,true,false,true,false,true,true,false,60,9,64,2.266,0.061,0.702
141,true,false,true,false,false,false,false,true,false,40,1,52,1.132,0.051,0.344
142,true,false,true,false,false,false,true,false,false,60,1,64,1.175,0.051,0.352
143,true,false,true,false,false,false,false,true,false,40,5,52,1.562,0.059,0.490
144,true,false,true,true,true,false,true,false,true,20,9,68,2.457,0.063,0.751
145,true,false,true,false,false,true,false,false,true,40,9,52,2.771,0.067,0.901
146,true,false,true,false,false,false,false,true,false,40,9,52,2.152,0.059,0.661
147,true,false,true,true,true,false,true,false,true,20,5,68,1.675,0.055,0.515
148,true,true,true,true,false,false,false,false,true,20,9,48,2.241,0.064,0.681
149,true,false,true,false,false,true,false,false,true,40,5,52,1.894,0.061,0.616
15,true,false,true,false,false,false,false,true,false,60,1,56,1.132,0.054,0.351
150,true,false,true,true,true,true,false,true,false,60,5,60,1.700,0.055,0.543
151,true,false,true,false,false,true,false,false,true,40,1,52,1.115,0.052,0.333
152,true,true,true,false,true,true,true,false,true,60,9,64,2.728,0.058,0.840
153,true,false,true,true,true,true,false,true,false,60,1,56,1.152,0.054,0.359
154,true,true,true,false,true,true,true,false,true,60,5,64,1.891,0.055,0.578
155,true,true,true,false,false,true,true,true,true,20,1,64,1.165,0.052,0.343
156,true,true,true,false,true,true,true,false,true,60,1,64,1.179,0.052,0.347
157,true,true,true,false,false,true,true,true,true,20,5,64,1.848,0.058,0.551
158,true,true,true,false,true,true,false,true,true,40,5,52,1.735,0.055,0.536
159,true,true,true,false,false,true,true,true,true,20,9,64,2.637,0.060,0.771
16,true,true,true,false,true,false,false,true,true,40,1,52,1.108,0.051,0.330
160,true,false,true,true,true,false,true,false,true,20,1,68,1.162,0.051,0.351
161,true,true,true,true,false,false,false,false,true,20,5,48,1.567,0.054,0.479
162,true,true,true,false,true,true,false,true,true,40,1,52,1.125,0.052,0.337
163,true,true,true,true,false,false,false,false,true,20,1,48,1.100,0.051,0.330
164,true,false,true,false,false,false,true,false,true,60,5,64,1.687,0.054,0.514
165,true,true,true,true,false,true,false,true,false,40,5,56,1.747,0.057,0.548
166,true,true,true,true,false,true,false,false,false,60,9,56,2.762,0.067,0.920
167,true,false,true,true,true,false,false,true,false,40,9,56,2.226,0.065,0.684
168,true,false,true,false,false,false,true,false,true,60,9,64,2.375,0.058,0.724
169,true,true,true,true,false,true,false,false,false,60,5,56,1.784,0.057,0.601
17,true,true,true,true,false,true,false,false,true,40,1,56,1.073,0.051,0.324
170,true,true,true,true,false,true,false,true,false,40,1,56,1.090,0.053,0.336
171,true,false,true,true,true,false,false,true,false,40,5,56,1.503,0.053,0.469
172,true,true,true,true,false,true,false,false,false,60,1,56,1.085,0.051,0.343
173,true,false,true,true,true,false,false,true,false,40,1,56,1.085,0.052,0.335
174,true,false,true,false,false,false,true,false,true,60,1,64,1.161,0.050,0.342
175,true,false,true,false,false,true,true,false,true,40,1,64,1.179,0.051,0.350
176,true,false,true,false,false,true,true,false,true,40,5,64,1.867,0.054,0.581
177,true,false,true,false,false,true,true,false,true,40,9,64,2.754,0.061,0.862
178,true,true,true,true,false,true,false,true,false,40,9,56,2.553,0.064,0.781
179,true,false,true,false,false,false,false,false,true,40,1,52,1.120,0.052,0.341
18,true,false,true,false,true,true,false,false,false,20,5,48,1.997,0.064,0.630
180,true,false,true,false,false,false,false,true,true,20,1,48,1.145,0.054,0.338
181,true,false,true,false,false,false,false,false,true,40,5,52,1.615,0.055,0.504
182,true,true,true,true,true,false,false,false,false,20,9,48,2.255,0.057,0.685
183,true,false,true,false,false,false,false,true,true,20,5,48,1.522,0.056,0.467
184,true,false,true,false,false,false,false,false,true,40,9,52,2.336,0.066,0.722
185,true,false,true,false,false,true,true,false,true,60,1,64,1.177,0.052,0.349
186,true,true,true,true,true,false,false,false,false,20,5,48,1.592,0.055,0.488
187,true,false,true,false,false,false,false,true,true,20,9,48,2.143,0.060,0.654
188,true,false,true,true,true,false,true,true,false,60,5,68,1.643,0.055,0.511
189,true,true,true,true,true,false,false,false,false,20,1,52,1.095,0.051,0.326
19,true,false,true,false,false,false,false,true,false,60,5,56,1.579,0.056,0.497
190,true,false,true,true,true,false,true,true,false,60,1,68,1.158,0.054,0.360
191,true,false,true,true,true,false,true,true,false,60,9,68,2.207,0.056,0.683
192,true,false,true,false,false,false,true,false,false,20,9,64,2.363,0.057,0.718
193,true,false,true,true,true,false,false,true,false,20,9,52,2.134,0.060,0.657
194,true,true,true,true,false,true,false,true,false,20,5,52,1.715,0.055,0.522
195,true,true,true,true,false,true,false,false,false,40,9,52,2.650,0.061,0.877
196,true,true,true,true,true,false,true,true,true,60,9,68,2.190,0.057,0.670
197,true,false,true,false,false,false,true,false,false,20,5,60,1.662,0.054,0.510
198,true,false,true,true,true,false,false,true,false,20,5,52,1.594,0.056,0.491
199,true,true,true,true,false,true,false,true,false,20,1,52,1.104,0.052,0.330
2,true,true,true,false,true,true,false,true,true,20,5,48,1.750,0.055,0.529
20,true,false,true,true,true,false,true,false,true,40,9,68,2.468,0.063,0.757
200,true,true,true,true,false,true,false,false,false,40,5,56,1.826,0.058,0.602
201,true,false,true,true,true,false,false,true,false,20,1,52,1.117,0.051,0.332
202,true,true,true,true,false,true,false,false,false,40,1,56,1.107,0.051,0.336
203,true,false,true,false,false,true,true,false,true,60,5,64,1.965,0.059,0.609
204,true,false,true,false,false,true,true,false,true,60,9,64,2.833,0.060,0.887
205,true,true,true,true,true,false,true,true,true,60,5,68,1.599,0.054,0.493
206,true,false,true,false,false,false,true,false,false,20,1,64,1.175,0.051,0.350
207,true,true,true,true,true,false,true,true,true,60,1,68,1.146,0.051,0.342
208,true,true,true,true,false,true,false,true,false,20,9,52,2.568,0.059,0.771
209,true,false,true,false,false,false,false,false,true,60,1,56,1.093,0.052,0.341
21,true,true,true,false,true,false,true,false,true,60,5,64,1.687,0.054,0.517
210,true,false,true,false,false,false,false,true,true,40,1,52,1.100,0.054,0.336
211,true,false,true,false,false,false,false,false,true,60,5,56,1.610,0.055,0.514
212,true,true,true,true,true,false,false,false,false,40,9,52,2.238,0.059,0.690
213,true,false,true,false,false,false,false,true,true,40,5,52,1.506,0.054,0.467
214,true,false,true,false,false,false,false,false,true,60,9,56,2.292,0.058,0.714
215,true,true,true,true,true,false,false,false,false,40,5,52,1.580,0.054,0.497
216,true,false,true,false,false,false,false,true,true,40,9,52,2.188,0.065,0.671
217,true,true,true,true,true,false,false,false,false,40,1,56,1.103,0.052,0.340
218,true,false,true,false,false,false,true,false,true,20,1,64,1.167,0.051,0.346
219,true,true,true,false,false,true,true,true,false,60,1,60,1.154,0.050,0.337
22,true,false,true,false,false,true,true,false,false,60,1,64,1.188,0.051,0.352
220,true,true,true,true,false,true,false,false,false,20,5,52,1.834,0.057,0.586
221,true,false,true,true,true,false,false,true,true,60,1,56,1.109,0.052,0.350
222,true,true,true,false,false,true,true,true,false,60,5,64,1.843,0.055,0.547
223,true,false,true,false,false,false,true,false,true,20,5,64,1.707,0.057,0.525
224,true,true,true,true,false,true,false,false,false,20,1,52,1.108,0.052,0.328
225,true,true,true,false,false,true,true,true,false,60,9,64,2.641,0.062,0.778
226,true,false,true,true,false,true,true,true,true,20,1,68,1.181,0.051,0.353
227,true,false,true,true,false,true,true,true,true,20,9,68,2.659,0.058,0.785
228,true,false,true,true,false,true,true,true,true,20,5,68,1.836,0.054,0.555
229,true,true,true,true,false,true,false,false,false,20,9,48,2.860,0.067,0.907
23,true,false,true,false,true,false,false,false,false,20,5,48,1.606,0.055,0.494
230,true,true,true,false,false,false,true,true,true,40,5,64,1.584,0.054,0.485
231,true,true,true,false,false,false,true,true,true,40,9,64,2.225,0.059,0.682
232,true,true,true,false,false,false,true,true,true,40,1,64,1.147,0.051,0.339
233,true,true,true,true,true,false,false,false,false,60,9,56,2.419,0.068,0.761
234,true,false,true,true,true,false,true,true,false,20,1,68,1.176,0.053,0.362
235,true,false,true,true,true,false,true,false,false,40,5,64,1.715,0.054,0.532
236,true,true,true,true,true,false,false,false,false,60,5,56,1.635,0.055,0.521
237,true,false,true,true,true,false,true,false,false,40,1,68,1.165,0.052,0.358
238,true,true,true,false,false,false,false,false,false,20,1,48,1.115,0.051,0.328
239,true,true,true,true,true,false,false,false,false,60,1,56,1.118,0.053,0.351
24,true,false,true,false,false,false,false,true,false,60,9,56,2.185,0.058,0.680
240,true,false,true,true,true,false,true,true,false,20,9,68,2.247,0.059,0.693
241,true,true,true,false,false,false,false,false,false,20,5,48,1.571,0.054,0.479
242,true,false,true,true,true,false,false,true,true,60,9,56,2.136,0.058,0.654
243,true,false,true,true,true,false,true,false,false,40,9,64,2.369,0.057,0.727
244,true,false,true,true,true,false,true,true,false,20,5,68,1.619,0.054,0.504
245,true,true,true,false,false,false,false,false,false,20,9,48,2.316,0.059,0.706
246,true,false,true,true,true,false,false,true,true,60,5,56,1.559,0.056,0.489
247,true,false,true,false,false,false,true,false,true,40,5,64,1.687,0.054,0.519
248,true,false,true,true,true,false,false,true,false,60,9,56,2.217,0.058,0.685
249,true,false,true,false,false,false,true,false,true,40,9,64,2.463,0.065,0.748
25,true,false,true,true,true,false,true,false,true,40,5,68,1.703,0.054,0.528
250,true,false,true,true,true,false,false,true,false,60,5,56,1.631,0.056,0.516
251,true,false,true,true,true,false,true,false,false,60,1,68,1.166,0.051,0.356
252,true,false,true,false,false,false,true,false,true,40,1,64,1.211,0.053,0.359
253,true,false,true,true,true,false,false,true,false,60,1,56,1.125,0.051,0.352
254,true,true,true,true,false,true,false,false,true,20,9,48,2.741,0.065,0.873
255,true,true,true,true,false,true,false,false,true,20,5,52,1.818,0.057,0.585
256,true,true,true,true,false,true,false,false,true,20,1,48,1.095,0.051,0.324
257,true,true,true,true,false,true,true,false,true,20,1,64,1.149,0.051,0.341
258,true,true,true,false,false,false,true,true,true,20,5,64,1.626,0.055,0.497
259,true,true,true,false,false,false,true,true,true,20,9,64,2.224,0.058,0.682
26,true,true,true,true,false,false,false,false,true,40,9,52,2.251,0.058,0.696
260,true,true,true,true,false,true,true,false,true,20,9,64,2.820,0.063,0.877
261,true,false,true,false,false,false,false,false,true,20,1,48,1.114,0.051,0.328
262,true,true,true,false,false,false,true,true,true,20,1,64,1.156,0.051,0.342
263,true,true,true,true,false,true,true,false,true,20,5,64,1.917,0.055,0.597
264,true,false,true,false,false,false,false,false,true,20,5,48,1.604,0.055,0.490
265,true,false,true,false,false,true,false,true,false,60,5,56,1.772,0.058,0.560
266,true,false,true,true,true,false,true,false,false,60,9,64,2.442,0.064,0.746
267,true,false,true,true,true,false,true,true,false,40,5,68,1.598,0.053,0.495
268,true,false,true,false,false,false,false,false,true,20,9,48,2.170,0.058,0.666
269,true,false,true,false,false,true,false,true,false,60,9,56,2.559,0.061,0.791
27,true,true,true,false,true,false,true,false,true,60,9,64,2.408,0.063,0.735
270,true,false,true,true,true,false,true,true,false,40,1,68,1.138,0.051,0.349
271,true,false,true,true,true,false,true,false,false,60,5,64,1.713,0.055,0.530
272,true,false,true,false,false,false,true,false,true,20,9,64,2.379,0.058,0.725
273,true,false,true,false,false,true,false,true,false,60,1,56,1.138,0.054,0.357
274,true,false,true,true,true,false,true,true,false,40,9,68,2.312,0.060,0.715
275,true,true,true,false,true,false,false,false,true,60,1,56,1.104,0.054,0.343
276,true,false,true,true,false,false,false,true,true,60,9,56,2.196,0.059,0.677
277,true,false,true,false,true,false,true,false,false,40,9,64,2.559,0.065,0.773
278,true,true,true,false,false,true,true,true,false,20,1,60,1.168,0.052,0.346
279,true,false,true,true,false,false,false,true,true,60,5,56,1.571,0.055,0.493
28,true,false,true,false,false,true,true,false,false,60,5,64,1.963,0.057,0.613
280,true,true,true,false,false,true,true,true,false,20,5,64,1.821,0.055,0.544
281,true,false,true,true,true,true,false,false,true,20,9,52,2.732,0.068,0.871
282,true,true,true,true,false,false,true,false,true,60,9,64,2.378,0.058,0.726
283,true,true,true,false,false,true,true,true,false,20,9,64,2.681,0.063,0.786
284,true,false,true,true,true,true,false,false,true,20,1,52,1.125,0.051,0.329
285,true,true,true,true,false,true,false,true,true,20,9,52,2.627,0.063,0.785
286,true,false,true,true,true,true,false,false,true,20,5,52,1.822,0.056,0.583
287,true,true,true,true,false,true,false,true,true,20,5,52,1.749,0.055,0.529
288,true,false,true,true,false,false,false,false,false,20,1,52,1.123,0.051,0.335
289,true,true,true,false,true,false,false,false,true,60,9,52,2.338,0.060,0.720
29,true,false,true,false,true,false,false,false,false,20,1,48,1.123,0.051,0.331
290,true,true,true,true,false,true,false,true,true,20,1,48,1.094,0.052,0.325
291,true,false,true,true,false,false,false,true,true,60,1,56,1.125,0.053,0.355
292,true,false,true,true,false,false,false,false,false,20,5,52,1.641,0.057,0.507
293,true,true,true,false,true,false,false,false,true,60,5,52,1.623,0.055,0.512
294,true,false,true,true,false,false,false,false,false,20,9,52,2.262,0.059,0.695
295,true,false,true,true,true,false,true,true,true,20,5,68,1.615,0.055,0.499
296,true,true,true,true,true,false,false,false,true,20,5,52,1.586,0.054,0.480
297,true,false,true,false,true,true,false,false,true,60,9,56,2.783,0.071,0.910
298,true,false,true,true,true,false,true,true,true,20,1,68,1.140,0.051,0.346
299,true,true,true,false,false,false,true,true,false,40,9,64,2.198,0.059,0.678
3,true,false,true,true,false,true,true,true,true,60,5,68,1.798,0.054,0.543
30,true,false,true,false,false,true,true,false,false,60,9,64,2.748,0.060,0.861
300,true,true,true,true,true,false,false,false,true,20,1,52,1.075,0.051,0.317
301,true,false,true,false,true,true,false,false,true,60,5,56,1.823,0.057,0.602
302,true,true,true,false,true,true,true,true,true,20,9,64,2.663,0.062,0.779
303,true,false,true,true,true,false,true,true,true,20,9,68,2.244,0.058,0.691
304,true,true,true,false,true,true,true,true,true,20,5,64,1.811,0.054,0.537
305,true,false,true,false,false,true,false,false,false,60,9,56,2.738,0.064,0.911
306,true,true,true,false,true,true,true,true,true,20,1,64,1.156,0.051,0.341
307,true,false,true,false,true,false,true,false,false,60,1,64,1.183,0.052,0.359
308,true,false,true,false,true,false,true,false,false,60,5,64,1.769,0.057,0.539
309,true,false,true,false,false,true,false,false,false,60,1,56,1.141,0.052,0.354
31,true,true,true,false,true,true,true,false,true,40,9,64,2.798,0.062,0.860
310,true,true,true,false,false,false,true,true,false,40,5,60,1.612,0.056,0.498
311,true,false,true,false,false,true,false,false,false,60,5,56,1.894,0.065,0.635
312,true,false,true,false,true,false,true,false,false,60,9,64,2.415,0.059,0.735
313,true,true,true,false,false,false,true,true,false,40,1,60,1.126,0.050,0.335
314,true,false,true,true,false,false,false,true,true,40,5,56,1.591,0.062,0.496
315,true,false,true,false,true,false,true,false,false,20,9,64,2.364,0.060,0.720
316,true,true,true,false,false,true,true,true,false,40,1,60,1.131,0.051,0.332
317,true,false,true,true,false,true,true,false,true,60,1,68,1.152,0.050,0.344
318,true,false,true,true,false,false,false,true,true,40,1,56,1.101,0.052,0.341
319,true,true,true,false,false,true,true,true,false,40,5,64,1.828,0.056,0.545
32,true,false,true,false,false,true,false,true,false,40,5,52,1.788,0.058,0.556
320,true,false,true,false,true,false,true,true,true,60,1,64,1.170,0.051,0.346
321,true,true,true,true,false,false,true,false,true,40,9,64,2.447,0.064,0.749
322,true,true,true,false,false,true,true,true,false,40,9,64,2.628,0.058,0.772
323,true,false,true,false,true,false,true,true,true,60,5,64,1.620,0.055,0.495
324,true,false,true,true,false,true,true,false,true,60,9,68,2.928,0.067,0.916
325,true,false,true,true,false,false,false,true,true,40,9,56,2.137,0.058,0.655
326,true,false,true,false,true,false,true,true,true,60,9,64,2.245,0.057,0.686
327,true,false,true,true,false,true,true,false,true,60,5,68,2.007,0.062,0.630
328,true,true,true,true,false,true,false,true,true,40,9,56,2.590,0.062,0.790
329,true,false,true,false,true,true,false,true,false,20,1,48,1.134,0.051,0.330
33,true,true,true,false,true,true,true,false,true,40,5,64,1.917,0.058,0.589
330,true,true,true,true,false,true,false,true,true,40,5,56,1.754,0.060,0.547
331,true,true,true,true,false,true,false,true,true,40,1,56,1.101,0.050,0.333
332,true,false,true,false,true,true,false,true,false,20,9,48,2.637,0.062,0.794
333,true,false,true,false,true,true,false,true,false,20,5,48,1.786,0.058,0.545
334,true,false,true,true,true,false,true,true,true,40,9,68,2.301,0.066,0.705
335,true,true,true,false,false,false,true,true,false,20,9,64,2.297,0.058,0.706
336,true,false,true,false,false,true,false,true,true,60,9,56,2.658,0.064,0.818
337,true,false,true,true,true,false,true,true,true,40,5,68,1.635,0.056,0.510
338,true,false,true,false,false,true,false,true,true,60,5,56,1.776,0.058,0.561
339,true,false,true,false,false,true,false,true,true,60,1,56,1.141,0.053,0.354
34,true,false,true,false,false,true,false,true,false,40,9,56,2.581,0.060,0.785
340,true,true,true,true,false,false,true,false,true,60,1,64,1.150,0.051,0.343
341,true,false,true,true,true,false,true,false,false,20,5,64,1.713,0.053,0.530
342,true,false,true,false,false,true,false,false,false,40,5,52,1.908,0.065,0.630
343,true,true,true,true,false,false,true,false,true,60,5,64,1.642,0.052,0.503
344,true,false,true,false,false,true,false,false,false,40,9,52,2.704,0.064,0.882
345,true,false,true,true,true,false,true,false,false,20,1,68,1.140,0.050,0.349
346,true,true,true,false,false,false,true,true,false,20,5,60,1.576,0.054,0.483
347,true,false,true,true,true,false,true,true,true,40,1,68,1.148,0.052,0.348
348,true,false,true,false,true,false,true,false,false,40,1,64,1.144,0.051,0.344
349,true,true,true,false,false,false,true,true,false,20,1,60,1.124,0.051,0.334
35,true,true,true,false,true,true,true,false,true,40,1,64,1.155,0.052,0.340
350,true,false,true,true,true,false,true,false,false,20,9,64,2.420,0.057,0.743
351,true,false,true,false,true,false,true,false,false,40,5,64,1.760,0.056,0.537
352,true,false,true,false,false,true,false,false,false,40,1,52,1.141,0.052,0.344
353,true,false,true,true,false,true,true,true,false,40,5,68,1.850,0.055,0.558
354,true,false,true,true,false,false,false,true,true,20,5,52,1.513,0.055,0.466
355,true,false,true,true,false,true,true,true,false,40,9,68,2.656,0.060,0.793
356,true,true,true,false,true,true,true,false,false,40,1,60,1.166,0.052,0.344
357,true,false,true,true,false,false,false,true,true,20,1,52,1.107,0.051,0.328
358,true,true,true,false,false,true,true,false,true,60,1,64,1.157,0.052,0.344
359,true,true,true,true,false,false,true,false,true,20,5,64,1.724,0.057,0.531
36,true,false,true,true,true,false,false,true,true,20,9,52,2.108,0.058,0.647
360,true,true,true,false,false,true,true,false,true,60,5,64,1.943,0.059,0.597
361,true,false,true,true,false,false,false,true,true,20,9,52,2.106,0.060,0.649
362,true,true,true,true,false,false,true,false,true,20,9,64,2.358,0.057,0.718
363,true,true,true,true,false,true,false,true,true,60,9,56,2.541,0.062,0.788
364,true,false,true,false,true,true,false,false,true,40,1,52,1.165,0.054,0.352
365,true,true,true,true,false,true,false,true,true,60,5,56,1.739,0.057,0.555
366,true,false,true,false,false,false,false,false,false,40,1,52,1.141,0.053,0.346
367,true,true,true,true,false,true,false,true,true,60,1,56,1.099,0.053,0.343
368,true,false,true,false,false,false,false,false,false,40,5,52,1.633,0.056,0.521
369,true,true,true,true,true,true,true,true,false,40,5,64,1.804,0.055,0.544
37,true,false,true,true,true,false,true,false,true,40,1,68,1.165,0.052,0.350
370,true,true,true,true,true,false,false,false,true,60,9,56,2.314,0.058,0.716
371,true,false,true,false,true,true,false,false,true,20,5,48,1.867,0.057,0.591
372,true,false,true,false,false,false,false,false,false,40,9,52,2.485,0.069,0.765
373,true,false,true,false,false,false,false,true,true,60,1,56,1.114,0.053,0.351
374,true,true,true,true,true,true,true,true,false,40,1,64,1.139,0.050,0.341
375,true,false,true,false,false,true,false,true,true,40,9,56,2.520,0.059,0.765
376,true,true,true,true,true,false,false,false,true,60,5,56,1.564,0.055,0.497
377,true,false,true,false,true,true,false,false,true,20,1,48,1.159,0.054,0.338
378,true,false,true,false,false,false,false,true,true,60,5,56,1.533,0.054,0.484
379,true,false,true,false,false,true,false,true,true,40,5,52,1.741,0.057,0.544
38,true,true,true,true,false,false,false,false,true,40,5,52,1.637,0.061,0.527
380,true,true,true,true,true,false,false,false,true,60,1,56,1.088,0.054,0.341
381,true,false,true,false,false,false,false,true,true,60,9,56,2.199,0.060,0.669
382,true,false,true,false,false,true,false,true,true,40,1,52,1.137,0.054,0.345
383,true,true,true,false,true,true,true,true,true,60,9,64,2.647,0.061,0.772
384,true,false,true,false,true,true,false,false,true,20,9,48,2.723,0.060,0.868
385,true,true,true,false,false,true,true,false,true,60,9,64,2.825,0.061,0.877
386,true,true,true,true,false,false,true,false,true,40,1,64,1.152,0.051,0.345
387,true,false,true,false,false,true,false,false,false,20,5,48,1.860,0.056,0.595
388,true,true,true,false,true,true,true,true,true,60,5,64,1.811,0.055,0.537
389,true,true,true,true,false,false,true,false,true,40,5,64,1.674,0.054,0.514
39,true,true,true,false,true,true,false,true,true,20,1,48,1.119,0.051,0.321
390,true,false,true,false,false,true,false,false,false,20,9,48,2.809,0.066,0.902
391,true,true,true,false,true,true,true,true,true,60,1,64,1.173,0.051,0.345
392,true,true,true,false,true,true,true,false,false,40,5,60,1.988,0.062,0.615
393,true,false,true,false,false,true,false,false,false,20,1,48,1.143,0.052,0.336
394,true,true,true,true,true,true,true,true,false,40,9,64,2.660,0.064,0.786
395,true,true,true,false,true,true,true,false,false,40,9,60,2.826,0.066,0.881
396,true,false,true,true,false,true,true,true,false,60,1,64,1.187,0.052,0.358
397,true,false,true,true,false,true,true,true,false,20,1,64,1.186,0.051,0.359
398,true,true,true,true,false,true,false,true,false,60,9,56,2.611,0.063,0.811
399,true,false,true,true,false,true,true,true,false,20,5,68,1.849,0.056,0.560
4,true,false,true,true,false,true,true,true,true,60,1,68,1.170,0.052,0.350
40,true,false,true,true,true,false,false,true,true,20,5,52,1.515,0.055,0.462
400,true,true,true,true,false,true,false,true,false,60,5,56,1.751,0.056,0.557
401,true,true,true,true,false,true,false,true,false,60,1,56,1.119,0.054,0.355
402,true,false,true,true,false,true,true,true,false,20,9,68,2.648,0.057,0.787
403,true,true,true,false,false,true,true,false,true,40,1,64,1.198,0.052,0.352
404,true,false,true,true,true,true,false,false,false,60,9,56,2.754,0.063,0.911
405,true,false,true,false,false,false,false,false,false,60,1,56,1.133,0.052,0.352
406,true,false,true,false,true,true,false,false,true,60,1,56,1.124,0.053,0.348
407,true,false,true,false,false,false,false,false,false,60,5,56,1.677,0.057,0.541
408,true,true,true,true,true,false,false,false,true,20,9,48,2.302,0.063,0.695
409,true,false,true,false,false,true,false,true,true,20,9,52,2.545,0.059,0.763
41,true,false,true,false,false,true,false,true,false,40,1,52,1.146,0.053,0.351
410,true,true,true,true,true,false,false,false,true,40,9,56,2.226,0.057,0.680
411,true,false,true,false,true,true,false,false,true,40,9,52,2.661,0.062,0.856
412,true,false,true,false,false,false,false,false,false,60,9,52,2.403,0.061,0.754
413,true,true,true,true,true,true,true,true,false,60,9,64,2.628,0.060,0.780
414,true,false,true,false,false,true,false,true,true,20,5,48,1.777,0.055,0.536
415,true,true,true,true,true,false,false,false,true,40,5,56,1.623,0.057,0.509
416,true,false,true,false,true,true,false,false,true,40,5,52,1.847,0.057,0.601
417,true,true,true,true,true,true,true,true,false,60,5,64,1.797,0.054,0.540
418,true,false,true,false,false,true,false,true,true,20,1,48,1.210,0.053,0.349
419,true,true,true,false,true,true,true,true,true,40,9,64,2.701,0.062,0.787
42,true,true,true,true,false,false,false,false,true,40,1,56,1.112,0.054,0.341
420,true,true,true,true,true,false,false,false,true,40,1,56,1.084,0.052,0.331
421,true,true,true,true,true,true,true,true,false,60,1,64,1.144,0.050,0.339
422,true,true,true,false,true,true,true,true,true,40,5,64,1.855,0.056,0.550
423,true,true,true,false,false,false,true,true,false,60,1,60,1.166,0.053,0.348
424,true,true,true,false,true,true,true,true,true,40,1,64,1.223,0.055,0.360
425,true,true,true,false,false,true,true,false,true,40,5,64,1.899,0.056,0.583
426,true,true,true,false,true,true,true,false,false,20,9,60,2.892,0.065,0.907
427,true,true,true,false,false,true,true,false,true,40,9,64,2.867,0.061,0.893
428,true,true,true,true,false,false,true,false,true,20,1,64,1.145,0.051,0.342
429,true,true,true,false,false,false,true,true,false,60,9,64,2.301,0.061,0.708
43,true,false,true,false,true,false,false,false,false,20,9,48,2.259,0.060,0.687
430,true,true,true,false,true,true,true,false,false,20,1,60,1.155,0.051,0.343
431,true,true,true,false,false,false,true,true,false,60,5,60,1.625,0.055,0.500
432,true,false,true,true,false,true,true,true,false,40,1,64,1.182,0.051,0.358
433,true,true,true,false,true,true,true,false,false,20,5,60,1.898,0.056,0.585
434,true,true,true,false,true,false,false,true,false,60,9,56,2.207,0.059,0.675
435,true,false,true,false,true,false,true,false,true,20,1,64,1.200,0.054,0.358
436,true,true,true,false,true,true,true,true,false,60,1,60,1.184,0.051,0.352
437,true,true,true,false,true,false,false,true,false,60,1,52,1.112,0.053,0.343
438,true,false,true,false,true,false,true,false,true,20,5,64,1.686,0.054,0.514
439,true,true,true,false,true,false,false,true,false,60,5,56,1.608,0.057,0.504
44,true,false,true,true,true,false,false,true,true,20,1,52,1.104,0.052,0.326
440,true,false,true,false,true,false,true,false,true,20,9,64,2.456,0.065,0.749
441,true,true,true,false,false,true,true,false,true,20,1,64,1.165,0.051,0.342
442,true,false,true,true,true,true,false,true,false,20,9,52,2.613,0.062,0.786
443,true,false,true,true,true,true,false,true,false,20,5,52,1.837,0.060,0.569
444,true,false,true,true,true,true,false,false,false,40,9,56,2.700,0.064,0.880
445,true,false,true,true,true,true,false,false,false,60,1,56,1.151,0.054,0.360
446,true,true,true,true,true,true,true,false,false,20,5,64,1.882,0.055,0.588
447,true,false,true,true,true,true,false,false,false,60,5,56,1.843,0.061,0.618
448,true,true,true,true,true,true,true,false,false,20,1,64,1.142,0.050,0.341
449,true,true,true,true,false,false,true,true,false,60,1,64,1.207,0.054,0.366
45,true,false,true,true,true,false,false,true,true,40,1,56,1.124,0.051,0.345
450,true,false,true,false,false,true,false,false,true,20,9,48,2.747,0.064,0.879
451,true,false,true,false,false,true,false,false,true,20,5,48,1.863,0.057,0.594
452,true,false,true,true,true,true,false,true,false,40,1,56,1.122,0.051,0.343
453,true,false,true,false,false,true,false,false,true,20,1,48,1.127,0.051,0.330
454,true,true,true,false,false,true,true,false,true,20,5,64,1.917,0.059,0.588
455,true,true,true,false,false,true,true,false,true,20,9,64,2.813,0.062,0.871
456,true,true,true,false,true,true,true,true,false,60,5,64,1.855,0.055,0.554
457,true,true,true,true,false,false,true,true,false,60,5,64,1.691,0.061,0.525
458,true,true,true,true,true,true,true,false,false,20,9,64,2.776,0.061,0.864
459,true,true,true,false,true,true,true,true,false,60,9,64,2.652,0.060,0.775
46,true,true,true,false,true,false,false,true,true,60,1,56,1.103,0.052,0.340
460,true,true,true,true,false,false,true,true,false,60,9,64,2.260,0.060,0.695
461,true,true,true,false,true,false,false,true,false,40,5,52,1.558,0.056,0.486
462,true,false,true,true,false,true,true,true,false,60,5,68,1.918,0.058,0.580
463,true,true,true,false,true,false,false,false,false,60,9,52,2.348,0.059,0.736
464,true,true,true,false,true,false,false,true,false,40,9,52,2.173,0.058,0.668
465,true,true,true,false,true,true,true,false,false,60,1,60,1.186,0.053,0.352
466,true,false,true,true,false,true,true,true,false,60,9,68,2.676,0.060,0.793
467,true,true,true,false,true,false,false,false,false,60,5,52,1.796,0.065,0.566
468,true,true,true,false,true,false,false,false,false,60,1,52,1.110,0.052,0.343
469,true,true,true,false,true,false,false,true,false,40,1,52,1.157,0.053,0.350
47,true,false,true,true,false,true,true,true,true,40,5,68,1.840,0.056,0.559
470,true,false,true,true,false,false,false,true,false,60,1,56,1.151,0.053,0.364
471,true,false,true,true,true,true,false,true,true,60,5,60,1.744,0.058,0.557
472,true,false,true,true,false,false,false,true,false,60,5,56,1.692,0.066,0.543
473,true,false,true,true,true,true,false,true,true,60,9,60,2.645,0.069,0.822
474,true,false,true,true,true,true,false,false,false,20,5,52,1.834,0.055,0.589
475,true,false,true,true,false,false,false,true,false,60,9,56,2.249,0.063,0.696
476,true,false,true,true,true,true,false,false,false,20,9,52,2.759,0.067,0.886
477,true,false,true,true,true,true,false,true,true,60,1,60,1.118,0.052,0.351
478,true,false,true,true,true,true,false,false,false,40,1,56,1.140,0.054,0.350
479,true,true,true,true,true,true,true,false,false,40,9,64,2.780,0.060,0.865
48,true,true,true,false,false,true,true,true,true,60,1,64,1.154,0.050,0.337
480,true,true,true,true,true,true,true,true,false,20,5,64,1.799,0.055,0.541
481,true,false,true,true,true,true,false,false,false,40,5,56,1.856,0.059,0.606
482,true,true,true,true,true,true,true,true,false,20,1,64,1.152,0.053,0.344
483,true,true,true,true,true,true,true,false,false,40,5,64,1.840,0.055,0.575
484,true,false,true,true,true,true,false,true,false,20,1,52,1.095,0.050,0.324
485,true,true,true,true,true,true,true,false,false,40,1,64,1.125,0.050,0.337
486,true,true,true,false,true,true,true,true,false,40,9,64,2.614,0.058,0.763
487,true,true,true,true,true,true,true,true,true,60,9,68,2.612,0.058,0.768
488,true,true,true,true,true,true,true,true,true,60,5,68,1.863,0.062,0.559
489,true,true,true,false,true,true,true,false,false,60,5,60,1.929,0.057,0.594
49,true,false,true,true,false,true,true,true,true,40,1,68,1.221,0.052,0.365
490,true,true,true,false,true,true,true,true,false,40,1,60,1.189,0.051,0.350
491,true,true,true,true,true,true,true,true,true,60,1,68,1.182,0.053,0.349
492,true,true,true,false,true,true,true,false,false,60,9,60,2.869,0.062,0.894
493,true,true,true,false,true,true,true,true,false,40,5,64,1.859,0.055,0.551
494,true,true,true,true,true,true,true,true,false,20,9,64,2.638,0.061,0.784
495,true,false,true,false,true,false,true,false,true,60,1,64,1.168,0.051,0.345
496,true,true,true,false,true,false,false,true,false,20,5,48,1.579,0.059,0.486
497,true,false,true,false,true,false,true,true,true,40,1,64,1.196,0.052,0.357
498,true,false,true,false,true,false,true,false,true,60,5,64,1.704,0.057,0.521
499,true,true,true,false,true,false,false,true,false,20,9,48,2.166,0.059,0.658
5,true,false,true,true,true,true,true,false,true,40,9,68,2.781,0.061,0.873
50,true,false,true,false,true,true,false,false,false,40,5,52,1.838,0.061,0.599
500,true,true,true,false,true,false,false,false,false,40,9,52,2.397,0.066,0.738
501,true,false,true,false,true,false,true,false,true,60,9,64,2.408,0.059,0.740
502,true,false,true,false,true,false,true,true,true,40,5,64,1.680,0.061,0.518
503,true,false,true,true,true,true,false,true,true,40,9,56,2.567,0.063,0.792
504,true,true,true,false,true,false,false,false,false,40,5,52,1.638,0.056,0.515
505,true,false,true,false,true,false,true,true,true,40,9,64,2.228,0.059,0.683
506,true,true,true,false,true,false,false,true,false,20,1,48,1.131,0.051,0.330
507,true,true,true,false,true,false,false,false,false,40,1,52,1.130,0.054,0.339
508,true,false,true,true,true,true,false,false,true,60,5,60,1.824,0.057,0.609
509,true,false,true,false,true,true,false,true,false,40,1,52,1.176,0.055,0.355
51,true,false,true,true,true,true,true,false,true,60,9,68,2.792,0.062,0.877
510,true,false,true,true,true,true,false,true,true,40,1,56,1.108,0.052,0.338
511,true,false,true,false,true,true,false,false,false,60,5,56,1.849,0.060,0.613
512,true,false,true,true,false,false,false,false,false,60,1,56,1.127,0.053,0.359
513,true,true,true,false,true,false,false,false,true,20,9,48,2.335,0.065,0.712
514,true,false,true,true,true,true,false,true,true,40,5,56,1.710,0.056,0.536
515,true,false,true,true,true,true,false,false,true,60,9,56,2.675,0.064,0.880
516,true,false,true,false,true,true,false,false,false,60,1,56,1.133,0.052,0.347
517,true,false,true,true,false,false,false,true,false,40,1,56,1.095,0.053,0.337
518,true,false,true,true,false,false,false,false,false,60,5,56,1.630,0.055,0.530
519,true,true,true,false,true,false,false,false,true,20,5,48,1.581,0.054,0.479
52,true,false,true,false,true,true,false,false,false,40,1,52,1.153,0.055,0.349
520,true,false,true,false,true,true,false,true,false,40,9,56,2.602,0.065,0.793
521,true,false,true,true,false,false,false,true,false,40,5,56,1.596,0.057,0.498
522,true,false,true,true,false,false,false,false,false,60,9,56,2.387,0.059,0.751
523,true,true,true,false,true,false,false,false,true,20,1,48,1.107,0.051,0.320
524,true,false,true,true,true,true,false,false,true,60,1,60,1.115,0.053,0.352
525,true,false,true,false,true,true,false,true,false,40,5,52,1.777,0.060,0.552
526,true,false,true,false,true,true,false,false,false,60,9,56,2.711,0.061,0.889
527,true,false,true,true,false,false,false,true,false,40,9,56,2.152,0.059,0.661
528,true,false,true,true,true,true,false,false,false,20,1,52,1.146,0.053,0.338
529,true,true,true,true,false,false,true,false,false,40,1,64,1.158,0.051,0.349
53,true,false,true,true,true,true,true,false,true,60,5,68,1.943,0.057,0.605
530,true,true,true,true,false,false,true,true,false,20,9,64,2.233,0.058,0.691
531,true,true,true,true,true,true,true,true,true,40,9,68,2.624,0.057,0.771
532,true,true,true,true,true,true,true,true,true,40,5,68,1.808,0.056,0.541
533,true,true,true,true,true,true,true,false,true,60,9,64,2.773,0.060,0.863
534,true,false,true,false,true,false,true,false,false,20,1,64,1.169,0.050,0.349
535,true,true,true,true,true,true,true,true,true,40,1,68,1.207,0.056,0.368
536,true,true,true,true,true,true,true,false,true,60,5,64,1.892,0.056,0.584
537,true,true,true,true,false,false,true,true,false,20,1,64,1.154,0.052,0.349
538,true,true,true,true,false,false,true,false,false,40,5,64,1.764,0.057,0.541
539,true,false,true,false,true,false,true,false,false,20,5,64,1.776,0.057,0.545
54,true,true,true,true,false,true,false,false,true,60,9,56,2.751,0.064,0.913
540,true,true,true,true,false,false,true,true,false,20,5,64,1.617,0.056,0.501
541,true,true,true,true,true,true,true,false,true,60,1,68,1.130,0.051,0.337
542,true,true,true,true,false,false,true,false,false,40,9,64,2.423,0.062,0.738
543,true,true,true,false,true,false,false,false,false,20,9,48,2.337,0.062,0.712
544,true,true,true,false,true,false,false,false,true,40,1,52,1.105,0.052,0.333
545,true,true,true,false,true,false,false,false,false,20,5,48,1.661,0.060,0.504
546,true,false,true,false,true,false,true,false,true,40,1,64,1.160,0.051,0.344
547,true,true,true,true,false,false,true,true,true,60,9,68,2.245,0.063,0.690
548,true,true,true,false,true,false,false,false,false,20,1,48,1.112,0.051,0.327
549,true,false,true,false,true,false,true,true,true,20,1,64,1.170,0.052,0.347
55,true,false,true,true,false,true,true,true,true,40,9,68,2.642,0.058,0.782
550,true,false,true,false,true,false,true,false,true,40,5,64,1.733,0.058,0.524
551,true,false,true,true,true,true,false,true,true,20,9,52,2.645,0.069,0.806
552,true,false,true,false,true,false,true,false,true,40,9,64,2.420,0.060,0.734
553,true,false,true,false,true,false,true,true,true,20,5,64,1.619,0.056,0.497
554,true,false,true,true,false,false,false,false,false,40,1,56,1.112,0.053,0.347
555,true,false,true,false,true,false,true,true,true,20,9,64,2.247,0.061,0.689
556,true,false,true,false,true,true,false,true,false,60,5,56,1.777,0.060,0.560
557,true,false,true,true,true,true,false,false,true,40,5,56,1.832,0.057,0.600
558,true,false,true,true,true,true,false,true,true,20,1,52,1.154,0.052,0.342
559,true,false,true,true,false,false,false,false,false,40,5,56,1.620,0.055,0.519
56,true,true,true,true,false,true,true,false,false,20,1,64,1.168,0.051,0.348
560,true,false,true,true,false,false,false,true,false,20,1,52,1.124,0.052,0.337
561,true,true,true,false,true,false,false,true,true,20,9,48,2.138,0.058,0.649
562,true,false,true,true,true,true,false,true,true,20,5,52,1.903,0.064,0.575
563,true,false,true,false,true,true,false,true,false,60,1,56,1.151,0.053,0.356
564,true,false,true,true,true,true,false,false,true,40,9,56,2.676,0.059,0.867
565,true,false,true,true,false,false,false,true,false,20,5,52,1.586,0.057,0.487
566,true,false,true,true,false,false,false,false,false,40,9,56,2.318,0.062,0.725
567,true,true,true,false,true,false,false,true,true,20,5,48,1.523,0.055,0.458
568,true,true,true,false,true,false,false,false,true,40,9,52,2.367,0.067,0.730
569,true,false,true,true,false,false,false,true,false,20,9,52,2.144,0.060,0.664
57,true,true,true,false,true,false,true,true,false,20,1,64,1.160,0.051,0.346
570,true,true,true,false,true,false,false,false,true,40,5,52,1.628,0.055,0.504
571,true,true,true,false,true,false,false,true,true,20,1,48,1.109,0.053,0.326
572,true,false,true,true,true,true,false,false,true,40,1,56,1.125,0.052,0.341
573,true,false,true,false,true,true,false,true,false,60,9,56,2.601,0.064,0.797
574,true,true,true,true,false,false,true,false,false,60,1,64,1.158,0.052,0.351
575,true,true,true,true,true,true,true,true,true,20,9,68,2.631,0.060,0.777
576,true,true,true,true,false,false,true,true,false,40,9,64,2.257,0.060,0.698
577,true,true,true,true,true,true,true,false,true,40,9,64,2.779,0.062,0.866
578,true,true,true,true,true,true,true,true,true,20,5,68,1.803,0.054,0.540
579,true,true,true,true,true,true,true,false,true,40,5,64,1.923,0.058,0.593
58,true,false,true,true,true,true,true,false,true,60,1,68,1.169,0.051,0.346
580,true,true,true,true,false,false,true,true,false,40,1,64,1.169,0.053,0.356
581,true,true,true,true,true,true,true,true,true,20,1,68,1.133,0.050,0.337
582,true,true,true,true,false,false,true,false,false,60,5,64,1.768,0.057,0.546
583,true,true,true,true,false,false,true,true,false,40,5,64,1.660,0.056,0.515
584,true,true,true,true,true,true,true,false,true,40,1,68,1.248,0.057,0.370
585,true,true,true,true,false,false,true,false,false,60,9,64,2.440,0.059,0.746
586,true,false,true,true,false,true,true,false,false,20,5,68,1.979,0.060,0.625
587,true,true,true,false,false,true,true,false,false,40,1,60,1.181,0.052,0.347
588,true,true,true,false,false,false,false,true,false,20,9,48,2.150,0.061,0.664
589,true,false,true,false,true,false,true,true,false,20,5,64,1.645,0.057,0.507
59,true,true,true,false,true,false,false,true,true,60,9,56,2.172,0.059,0.664
590,true,true,true,false,false,true,true,false,false,40,5,60,1.944,0.061,0.601
591,true,false,true,true,false,true,true,false,false,20,9,64,2.831,0.063,0.898
592,true,true,true,true,true,false,true,false,true,20,9,64,2.425,0.064,0.738
593,true,false,true,false,true,false,true,true,false,20,9,64,2.306,0.059,0.709
594,true,true,true,false,false,true,true,false,false,40,9,60,2.832,0.067,0.886
595,true,true,true,true,false,false,true,true,true,40,5,64,1.617,0.058,0.499
596,true,true,true,true,false,false,true,true,true,40,9,68,2.206,0.055,0.681
597,true,false,true,true,false,false,true,false,false,40,9,64,2.414,0.060,0.740
598,true,false,true,false,true,true,false,true,true,60,1,56,1.144,0.054,0.353
599,true,false,true,true,false,false,true,false,false,40,1,64,1.212,0.053,0.368
6,true,false,true,false,true,true,false,false,false,20,1,48,1.156,0.051,0.338
60,true,true,true,true,false,true,false,false,true,60,5,56,1.851,0.060,0.621
600,true,true,true,true,true,false,true,false,true,20,5,64,1.734,0.059,0.529
601,true,false,true,true,false,false,true,false,false,40,5,64,1.725,0.054,0.536
602,true,true,true,true,true,false,true,false,true,20,1,68,1.135,0.050,0.339
603,true,false,true,false,true,true,false,true,true,40,5,52,1.763,0.056,0.541
604,true,false,true,false,true,true,false,true,true,40,1,52,1.125,0.054,0.339
605,true,true,true,true,false,true,true,true,true,20,1,64,1.159,0.052,0.348
606,true,true,true,true,false,true,true,true,true,20,5,64,1.799,0.055,0.541
607,true,false,true,false,true,true,false,true,true,40,9,56,2.636,0.069,0.802
608,true,true,true,true,false,false,true,true,true,60,1,64,1.119,0.052,0.335
609,true,true,true,true,true,true,true,false,true,20,9,64,2.853,0.065,0.884
61,true,true,true,true,false,true,true,false,false,20,5,64,1.940,0.058,0.605
610,true,true,true,true,false,true,true,true,true,20,9,68,2.771,0.069,0.819
611,true,true,true,false,false,false,true,false,false,60,1,60,1.179,0.050,0.349
612,true,true,true,true,false,false,true,true,true,60,5,64,1.899,0.072,0.584
613,true,true,true,true,true,true,true,false,true,20,5,64,2.232,0.076,0.692
614,true,true,true,false,false,false,false,true,false,40,1,52,1.610,0.072,0.482
615,true,false,true,false,true,false,true,true,false,40,1,64,1.794,0.075,0.579
616,true,true,true,true,true,true,true,false,true,20,1,68,1.672,0.080,0.524
617,true,true,true,false,false,false,false,true,false,40,5,52,1.838,0.071,0.570
618,true,true,true,false,false,false,true,false,false,60,9,60,2.620,0.066,0.795
619,true,false,true,false,true,false,true,true,false,40,5,64,1.746,0.060,0.536
62,true,false,true,false,true,true,false,false,false,40,9,52,2.789,0.067,0.908
620,true,false,true,true,false,true,true,false,false,40,1,64,1.256,0.053,0.382
621,true,true,true,false,false,false,true,false,false,60,5,60,1.707,0.055,0.523
622,true,true,true,false,false,false,false,true,false,40,9,52,2.247,0.062,0.682
623,true,false,true,true,false,false,false,false,true,60,9,56,2.357,0.060,0.734
624,true,true,true,false,false,true,true,false,false,60,5,60,1.956,0.059,0.610
625,true,false,true,true,false,false,false,false,true,60,5,56,1.708,0.065,0.551
626,true,true,true,false,false,true,true,false,false,60,9,60,2.802,0.063,0.880
627,true,true,true,true,false,false,true,true,true,20,5,64,1.596,0.055,0.491
628,true,true,true,true,false,false,true,true,true,20,9,68,2.276,0.061,0.703
629,true,false,true,true,false,true,false,false,true,40,9,56,2.783,0.070,0.913
63,true,true,true,false,true,false,true,true,false,20,5,64,1.625,0.054,0.501
630,true,false,true,true,false,false,true,false,false,20,5,64,1.774,0.059,0.549
631,true,false,true,false,true,true,true,true,false,20,5,64,1.863,0.058,0.556
632,true,true,true,false,false,true,false,true,false,20,9,48,2.588,0.062,0.773
633,true,false,true,false,true,true,true,true,false,20,9,64,2.728,0.065,0.807
634,true,false,true,true,false,false,true,false,false,20,9,64,2.419,0.060,0.741
635,true,false,true,true,false,false,false,false,true,60,1,56,1.113,0.053,0.356
636,true,true,true,false,false,true,false,true,false,20,1,48,1.149,0.055,0.336
637,true,false,true,true,false,false,true,false,false,20,1,64,1.171,0.051,0.355
638,true,false,true,false,true,true,true,true,false,20,1,64,1.177,0.051,0.348
639,true,true,true,false,false,true,false,true,false,20,5,48,1.803,0.059,0.544
64,true,true,true,false,true,false,false,true,true,60,5,56,1.576,0.056,0.490
640,true,true,true,false,false,true,true,false,false,60,1,60,1.173,0.051,0.345
641,true,false,true,false,true,true,false,true,true,60,9,56,2.665,0.062,0.824
642,true,false,true,false,true,true,false,true,true,60,5,56,1.800,0.057,0.568
643,true,true,true,true,false,true,true,true,true,40,1,64,1.206,0.054,0.359
644,true,true,true,true,false,true,true,true,true,40,5,64,1.917,0.062,0.576
645,true,true,true,true,false,true,true,true,true,40,9,68,2.753,0.063,0.809
646,true,false,true,true,false,true,false,false,true,60,9,56,2.749,0.066,0.916
647,true,true,true,false,false,false,true,false,false,40,1,60,1.148,0.051,0.339
648,true,false,true,false,true,false,false,true,true,60,9,56,2.280,0.065,0.705
649,true,false,true,true,false,true,false,false,true,60,5,56,1.860,0.059,0.626
65,true,true,true,true,false,true,false,false,true,60,1,56,1.097,0.053,0.343
650,true,false,true,false,true,false,false,true,true,60,5,56,1.577,0.057,0.492
651,true,true,true,true,false,false,true,true,true,40,1,64,1.146,0.051,0.343
652,true,false,true,true,false,true,false,false,true,60,1,56,1.120,0.055,0.357
653,true,true,true,false,false,false,true,false,false,40,9,60,2.415,0.060,0.731
654,true,true,true,false,false,false,false,true,false,20,1,48,1.170,0.050,0.341
655,true,false,true,false,true,false,false,true,true,60,1,56,1.159,0.057,0.360
656,true,false,true,true,false,true,true,false,false,20,1,64,1.203,0.052,0.365
657,true,true,true,false,false,false,false,true,false,20,5,48,1.587,0.058,0.483
658,true,true,true,false,false,false,true,false,false,40,5,60,1.702,0.054,0.520
659,true,false,true,false,true,false,true,true,false,20,1,64,1.219,0.055,0.363
66,true,true,true,true,false,true,true,false,false,20,9,64,2.829,0.065,0.891
660,true,true,true,true,true,true,false,true,false,40,1,56,1.099,0.052,0.336
661,true,false,true,true,false,true,true,false,false,60,9,64,2.876,0.068,0.918
662,true,false,true,false,true,false,true,true,false,60,9,64,2.283,0.060,0.701
663,true,false,true,true,false,false,false,false,true,40,9,56,2.276,0.059,0.705
664,true,false,true,true,true,false,false,false,false,20,9,52,2.314,0.062,0.710
665,true,false,true,true,false,false,false,false,true,40,5,56,1.619,0.057,0.513
666,true,true,true,true,true,true,false,true,false,40,9,56,2.539,0.060,0.770
667,true,false,true,true,true,false,false,false,false,20,5,52,1.619,0.056,0.500
668,true,false,true,false,true,true,true,false,true,40,9,64,2.798,0.062,0.869
669,true,false,true,true,true,false,false,false,false,20,1,52,1.119,0.051,0.331
67,true,false,true,false,true,false,false,false,false,40,5,52,1.660,0.058,0.523
670,true,true,true,true,true,true,false,true,false,40,5,56,1.759,0.058,0.551
671,true,false,true,false,true,true,true,false,true,40,5,64,1.907,0.057,0.591
672,true,true,true,false,false,true,false,false,true,40,9,52,2.735,0.065,0.890
673,true,false,true,false,true,true,true,false,true,40,1,64,1.168,0.051,0.340
674,true,true,true,true,true,false,true,false,true,60,1,68,1.155,0.054,0.347
675,true,true,true,false,false,true,false,false,true,40,5,52,1.831,0.058,0.596
676,true,true,true,false,false,true,false,false,true,40,1,52,1.215,0.059,0.365
677,true,false,true,true,false,false,false,false,true,40,1,56,1.105,0.052,0.338
678,true,true,true,true,true,false,true,false,true,60,9,64,2.449,0.062,0.745
679,true,true,true,true,true,false,false,true,true,20,9,52,2.112,0.056,0.644
68,true,true,true,false,true,false,true,true,false,20,9,64,2.271,0.060,0.703
680,true,true,true,true,true,false,true,false,true,60,5,64,1.702,0.057,0.524
681,true,true,true,true,true,true,true,false,false,60,9,64,2.774,0.059,0.864
682,true,true,true,true,true,false,false,true,true,40,5,56,1.516,0.055,0.471
683,true,true,true,true,true,true,true,false,false,60,5,64,1.909,0.059,0.596
684,true,true,true,true,true,false,false,true,true,40,1,56,1.083,0.052,0.329
685,true,true,true,true,false,true,true,true,true,60,1,64,1.170,0.051,0.350
686,true,true,true,false,true,true,false,false,false,40,1,52,1.163,0.054,0.351
687,true,true,true,true,true,true,true,false,false,60,1,64,1.133,0.050,0.339
688,true,true,true,true,false,true,true,true,true,60,5,64,1.854,0.058,0.562
689,true,true,true,true,false,true,true,true,true,60,9,68,2.679,0.060,0.787
69,true,true,true,false,false,false,true,true,true,60,9,64,2.223,0.058,0.677
690,true,true,true,false,true,true,false,false,false,40,9,52,2.707,0.064,0.876
691,true,true,true,false,true,true,false,false,false,40,5,52,1.897,0.064,0.615
692,true,true,true,true,false,false,true,true,true,20,1,64,1.140,0.050,0.341
693,true,false,true,true,false,true,false,true,false,20,9,52,2.649,0.065,0.802
694,true,false,true,true,false,true,false,true,false,20,5,52,1.773,0.056,0.545
695,true,false,true,true,false,true,false,true,false,20,1,52,1.126,0.052,0.335
696,true,false,true,true,false,false,false,false,true,20,5,52,1.571,0.054,0.486
697,true,false,true,false,true,false,true,true,false,40,9,64,2.273,0.059,0.701
698,true,true,true,true,true,true,false,true,false,60,1,56,1.102,0.051,0.344
699,true,true,true,false,false,true,true,false,false,20,1,60,1.162,0.051,0.342
7,true,true,true,false,true,false,false,true,true,40,9,52,2.172,0.061,0.666
70,true,false,true,false,true,false,false,false,false,40,1,52,1.126,0.053,0.343
700,true,false,true,true,false,true,true,false,false,40,5,68,1.976,0.056,0.621
701,true,false,true,true,false,false,false,false,true,20,1,52,1.262,0.055,0.374
702,true,true,true,true,true,false,true,false,true,40,9,64,2.392,0.060,0.728
703,true,true,true,false,false,true,true,false,false,20,5,60,1.896,0.055,0.587
704,true,false,true,true,false,true,true,false,false,40,9,64,2.834,0.062,0.897
705,true,false,true,false,true,true,true,false,true,60,9,64,2.789,0.062,0.869
706,true,true,true,false,false,true,true,false,false,20,9,60,2.882,0.069,0.897
707,true,true,true,true,true,true,false,true,false,60,9,56,2.689,0.066,0.825
708,true,false,true,false,true,true,true,false,true,60,5,64,1.953,0.058,0.608
709,true,false,true,true,false,false,false,false,true,20,9,52,2.284,0.060,0.695
71,true,false,true,false,false,true,true,false,false,40,1,64,1.275,0.056,0.380
710,true,true,true,false,false,true,false,false,true,60,9,56,2.730,0.061,0.895
711,true,true,true,true,true,true,false,true,false,60,5,56,1.735,0.056,0.550
712,true,false,true,false,true,true,true,false,true,60,1,64,1.177,0.051,0.343
713,true,true,true,false,false,true,false,false,true,60,5,56,1.840,0.059,0.609
714,true,true,true,false,false,true,false,false,true,60,1,52,1.158,0.053,0.355
715,true,true,true,true,true,false,true,false,true,40,5,64,1.698,0.057,0.523
716,true,true,true,true,true,false,true,false,true,40,1,68,1.135,0.051,0.339
717,true,true,true,true,true,false,false,true,true,20,5,52,1.528,0.056,0.466
718,true,false,true,false,true,true,false,true,true,20,5,48,1.768,0.056,0.534
719,true,false,true,true,false,true,false,true,false,40,1,56,1.142,0.053,0.350
72,true,false,true,true,true,false,true,false,true,60,9,68,2.423,0.059,0.744
720,true,true,true,true,true,false,false,true,true,20,1,52,1.066,0.051,0.314
721,true,false,true,false,true,true,false,true,true,20,1,48,1.105,0.052,0.321
722,true,true,true,false,true,true,false,false,false,20,1,48,1.116,0.052,0.328
723,true,false,true,false,true,true,false,true,true,20,9,52,2.661,0.065,0.797
724,true,true,true,false,true,true,false,false,false,20,9,48,2.730,0.061,0.861
725,true,true,true,false,false,false,false,true,false,60,1,52,1.137,0.055,0.356
726,true,true,true,false,true,true,false,false,false,20,5,48,1.831,0.056,0.578
727,true,false,true,true,false,true,true,false,false,60,1,64,1.205,0.053,0.366
728,true,true,true,false,false,false,false,true,false,60,5,56,1.573,0.055,0.492
729,true,false,true,true,false,true,false,true,false,40,9,56,2.591,0.061,0.796
73,true,true,true,false,true,true,true,false,true,20,9,64,2.796,0.061,0.860
730,true,false,true,false,true,false,true,true,false,60,1,64,1.203,0.051,0.359
731,true,false,true,true,false,true,true,false,false,60,5,68,1.973,0.058,0.619
732,true,true,true,false,false,false,false,true,false,60,9,56,2.218,0.059,0.681
733,true,false,true,true,false,true,false,true,false,40,5,56,1.760,0.057,0.559
734,true,false,true,false,true,false,true,true,false,60,5,64,1.644,0.056,0.506
735,true,false,true,false,false,false,true,true,true,40,1,64,1.163,0.052,0.346
736,true,true,true,false,false,false,false,false,true,20,1,48,1.099,0.051,0.322
737,true,false,true,false,false,false,true,true,true,40,5,64,1.611,0.056,0.500
738,true,true,true,false,false,false,false,false,true,20,5,48,1.606,0.055,0.488
739,true,false,true,true,true,false,false,false,false,60,9,56,2.433,0.066,0.759
74,true,false,true,false,false,true,true,false,false,40,5,64,2.005,0.061,0.624
740,true,true,true,false,false,false,false,false,true,20,9,48,2.327,0.063,0.704
741,true,false,true,true,true,false,false,false,false,60,5,56,1.699,0.058,0.546
742,true,false,true,true,true,false,false,false,false,60,1,56,1.175,0.055,0.371
743,true,true,true,true,true,false,true,false,false,40,5,64,1.702,0.055,0.526
744,true,true,true,true,true,false,true,true,false,20,1,64,1.148,0.050,0.347
745,true,true,true,true,true,false,true,false,false,40,9,64,2.393,0.058,0.734
746,true,true,true,true,true,false,true,true,false,20,5,64,1.646,0.056,0.511
747,true,false,true,false,false,true,true,true,true,20,1,64,1.207,0.051,0.356
748,true,false,true,false,false,true,true,true,true,20,5,64,1.874,0.057,0.557
749,true,true,true,true,true,false,true,true,false,20,9,64,2.397,0.067,0.732
75,true,false,true,false,false,true,false,true,false,20,9,48,2.599,0.060,0.774
750,true,false,true,false,false,true,true,true,true,20,9,64,2.665,0.062,0.786
751,true,true,true,false,false,false,true,false,true,20,5,60,1.784,0.063,0.542
752,true,true,true,false,false,false,true,false,true,20,9,60,2.367,0.057,0.720
753,true,true,true,true,true,false,true,false,false,60,1,64,1.172,0.051,0.355
754,true,true,true,false,false,false,true,false,true,20,1,64,1.241,0.056,0.373
755,true,true,true,true,true,false,true,false,false,60,5,64,1.780,0.058,0.544
756,true,true,true,true,true,false,true,true,false,40,1,64,1.172,0.052,0.356
757,true,false,true,false,false,false,true,true,true,20,9,64,2.286,0.060,0.706
758,true,false,true,false,false,false,true,true,true,60,5,64,1.650,0.055,0.505
759,true,false,true,false,true,true,true,false,true,20,9,64,2.801,0.060,0.869
76,true,true,true,false,false,false,true,true,true,60,1,64,1.166,0.053,0.345
760,true,false,true,true,true,false,false,false,false,40,9,56,2.294,0.058,0.715
761,true,false,true,false,false,false,true,true,true,60,9,64,2.265,0.061,0.704
762,true,false,true,false,true,true,true,false,true,20,5,64,1.921,0.057,0.595
763,true,false,true,true,true,false,false,false,false,40,5,56,1.623,0.055,0.515
764,true,false,true,false,true,true,true,false,true,20,1,64,1.194,0.053,0.351
765,true,false,true,true,true,false,false,false,false,40,1,56,1.113,0.052,0.344
766,true,false,true,false,false,false,true,true,true,60,1,64,1.165,0.051,0.347
767,true,false,true,false,false,true,true,true,true,40,1,64,1.191,0.052,0.351
768,true,true,true,true,true,false,true,false,false,20,5,64,1.698,0.054,0.520
769,true,false,true,false,false,true,true,true,true,40,5,64,1.849,0.058,0.555
77,true,false,true,false,false,true,true,false,false,40,9,64,2.917,0.067,0.911
770,true,true,true,true,true,false,true,false,false,20,9,64,2.468,0.066,0.759
771,true,false,true,false,false,true,true,true,true,40,9,64,2.649,0.059,0.782
772,true,false,true,false,false,false,false,false,false,20,1,48,1.131,0.053,0.335
773,true,true,true,true,true,false,false,true,true,40,9,56,2.149,0.060,0.657
774,true,true,true,true,true,false,false,true,true,60,9,56,2.173,0.058,0.667
775,true,false,true,false,false,false,false,false,false,20,5,48,1.638,0.056,0.500
776,true,true,true,true,true,false,false,true,true,60,5,56,1.538,0.055,0.482
777,true,false,true,false,false,false,false,false,false,20,9,48,2.349,0.062,0.713
778,true,true,true,true,true,false,false,true,true,60,1,56,1.089,0.055,0.343
779,true,true,true,true,true,false,false,true,false,20,9,52,2.159,0.062,0.670
78,true,true,true,false,true,true,true,false,true,20,5,64,1.955,0.059,0.596
780,true,true,true,true,true,false,false,true,false,20,5,52,1.535,0.055,0.472
781,true,true,true,true,true,false,true,false,false,40,1,64,1.183,0.053,0.358
782,true,true,true,true,true,false,false,true,false,20,1,52,1.092,0.051,0.323
783,true,false,true,false,false,false,true,true,true,40,9,64,2.294,0.061,0.700
784,true,true,true,false,false,false,false,true,true,40,1,52,1.097,0.052,0.333
785,true,true,true,false,false,false,false,false,true,60,5,52,1.660,0.055,0.528
786,true,true,true,false,false,false,false,false,true,60,9,52,2.369,0.060,0.735
787,true,true,true,false,false,false,false,true,true,40,5,52,1.569,0.058,0.485
788,true,true,true,false,false,false,false,true,true,40,9,52,2.144,0.058,0.652
789,true,false,true,true,false,true,true,false,true,40,5,68,1.946,0.058,0.609
79,true,true,true,false,false,false,true,true,true,60,5,64,1.610,0.056,0.495
790,true,false,true,true,false,true,false,false,true,20,9,52,2.744,0.060,0.877
791,true,false,true,true,false,true,true,false,true,40,1,68,1.180,0.052,0.355
792,true,false,true,false,false,true,true,true,true,60,1,64,1.181,0.053,0.351
793,true,true,true,false,false,true,false,true,false,40,9,52,2.719,0.069,0.825
794,true,true,true,true,true,false,true,true,false,60,5,64,1.683,0.058,0.524
795,true,false,true,true,false,true,true,false,true,40,9,68,3.023,0.072,0.945
796,true,false,true,false,false,true,true,true,true,60,5,64,1.879,0.056,0.561
797,true,true,true,true,true,false,true,true,false,60,9,64,2.265,0.061,0.701
798,true,false,true,false,false,true,true,true,true,60,9,64,2.697,0.064,0.801
799,true,true,true,false,false,true,false,true,false,40,1,52,1.126,0.052,0.337
8,true,false,true,true,true,true,true,false,true,40,5,68,1.961,0.057,0.616
80,true,true,true,false,true,true,true,false,true,20,1,64,1.154,0.051,0.338
800,true,true,true,false,false,true,false,false,false,60,5,52,1.887,0.063,0.627
801,true,true,true,false,false,true,false,false,false,60,9,52,2.730,0.061,0.906
802,true,true,true,false,false,true,false,true,false,40,5,52,1.757,0.059,0.545
803,true,false,true,true,true,false,true,true,true,60,9,68,2.259,0.060,0.693
804,true,true,true,false,false,false,true,false,true,60,9,60,2.393,0.066,0.731
805,true,false,true,true,true,false,true,true,true,60,5,68,1.593,0.053,0.490
806,true,true,true,false,false,true,false,true,false,60,1,52,1.158,0.053,0.362
807,true,true,true,false,false,false,true,false,false,20,9,60,2.356,0.057,0.717
808,true,true,true,false,false,false,true,false,true,60,1,64,1.157,0.052,0.342
809,true,true,true,true,true,false,false,true,false,40,9,56,2.148,0.058,0.663
81,true,true,true,false,false,true,true,true,true,60,5,64,1.837,0.057,0.547
810,true,true,true,false,false,false,true,false,true,60,5,60,1.675,0.054,0.509
811,true,true,true,true,true,false,false,true,false,40,5,56,1.531,0.056,0.477
812,true,true,true,true,true,false,false,true,false,40,1,56,1.104,0.052,0.339
813,true,false,true,true,false,true,false,false,true,40,5,56,1.861,0.061,0.616
814,true,false,true,true,false,true,false,true,true,20,1,52,1.126,0.051,0.333
815,true,false,true,true,false,true,false,false,true,40,1,56,1.168,0.055,0.359
816,true,false,true,true,true,false,true,true,true,60,1,68,1.165,0.051,0.352
817,true,true,true,false,false,false,true,false,false,20,5,60,1.797,0.061,0.545
818,true,true,true,false,false,false,false,false,true,60,1,52,1.108,0.053,0.341
819,true,true,true,false,false,false,true,false,false,20,1,60,1.149,0.051,0.340
82,true,true,true,true,false,false,true,false,false,20,9,64,2.411,0.060,0.742
820,true,false,true,false,false,false,true,true,true,20,1,64,1.173,0.052,0.349
821,true,true,true,false,false,false,false,false,true,40,1,52,1.103,0.052,0.333
822,true,true,true,false,false,false,false,true,true,20,1,48,1.108,0.050,0.323
823,true,false,true,false,false,false,true,true,true,20,5,64,1.619,0.057,0.498
824,true,true,true,false,false,false,false,false,true,40,5,52,1.628,0.056,0.512
825,true,true,true,false,false,false,false,true,true,20,5,48,1.574,0.058,0.481
826,true,true,true,false,false,false,false,false,true,40,9,52,2.286,0.060,0.699
827,true,false,true,true,false,true,true,false,true,20,5,68,1.924,0.057,0.609
828,true,true,true,false,false,false,false,true,true,20,9,48,2.176,0.066,0.664
829,true,false,true,true,false,true,true,false,true,20,1,68,1.180,0.050,0.351
83,true,false,true,false,false,true,false,true,false,20,1,48,1.153,0.053,0.343
830,true,true,true,true,true,false,true,false,false,60,9,64,2.384,0.059,0.728
831,true,true,true,true,true,false,true,true,false,40,5,64,1.636,0.057,0.505
832,true,true,true,true,true,false,true,true,false,40,9,64,2.310,0.061,0.712
833,true,false,true,true,false,true,true,false,true,20,9,68,2.827,0.061,0.895
834,true,true,true,false,false,true,false,true,false,60,5,56,1.810,0.061,0.566
835,true,true,true,false,false,true,false,true,false,60,9,56,2.586,0.063,0.793
836,true,true,true,false,false,false,true,false,true,40,9,60,2.386,0.060,0.722
837,true,false,true,false,false,true,true,true,false,60,1,64,1.201,0.052,0.356
838,true,false,true,false,false,true,true,true,false,60,5,64,1.855,0.056,0.557
839,true,true,true,false,false,false,true,false,true,40,1,64,1.143,0.051,0.340
84,true,true,true,true,false,false,false,false,true,60,1,56,1.118,0.053,0.350
840,true,false,true,false,false,true,true,true,false,60,9,64,2.711,0.063,0.799
841,true,true,true,true,true,false,false,true,false,60,9,56,2.225,0.060,0.685
842,true,true,true,false,false,false,true,false,true,40,5,60,1.683,0.054,0.508
843,true,true,true,true,true,false,true,true,false,60,1,64,1.293,0.056,0.392
844,true,false,true,true,false,true,false,false,true,20,5,52,1.894,0.059,0.614
845,true,true,true,true,true,false,false,true,false,60,5,56,1.608,0.058,0.517
846,true,false,true,true,false,true,false,false,true,20,1,52,1.146,0.055,0.344
847,true,true,true,true,true,false,false,true,false,60,1,56,1.149,0.053,0.359
848,true,false,true,true,true,false,false,false,true,40,5,56,1.619,0.055,0.509
849,true,false,true,false,false,false,true,true,false,60,9,64,2.289,0.063,0.711
85,true,true,true,false,false,true,true,true,true,60,9,64,2.713,0.065,0.799
850,true,false,true,true,true,false,false,false,true,40,9,56,2.261,0.058,0.696
851,true,true,true,false,true,true,false,false,true,40,9,52,2.707,0.061,0.871
852,true,true,true,false,false,true,false,true,true,60,9,56,2.568,0.061,0.785
853,true,false,true,false,true,true,true,true,true,60,9,64,2.687,0.065,0.792
854,true,false,true,true,false,true,false,true,true,40,9,56,2.647,0.064,0.811
855,true,false,true,false,true,true,true,true,true,60,5,64,1.823,0.055,0.542
856,true,false,true,true,true,true,true,true,true,20,5,68,1.829,0.054,0.554
857,true,true,true,false,false,true,false,true,true,60,1,52,1.118,0.053,0.343
858,true,false,true,false,true,true,true,false,false,20,5,64,1.918,0.056,0.593
859,true,false,true,true,false,false,true,true,false,20,5,68,1.649,0.056,0.511
86,true,false,true,false,false,true,false,true,false,20,5,48,1.783,0.056,0.545
860,true,true,true,false,false,true,false,false,false,20,9,48,2.750,0.065,0.887
861,true,false,true,false,true,true,true,true,true,60,1,64,1.206,0.052,0.352
862,true,false,true,true,true,true,true,true,true,20,1,68,1.206,0.052,0.359
863,true,true,true,false,false,true,false,true,true,60,5,56,1.744,0.056,0.549
864,true,false,true,false,true,true,true,false,false,20,9,64,2.864,0.068,0.906
865,true,false,true,true,false,false,true,true,false,20,9,68,2.263,0.060,0.703
866,true,true,true,false,true,false,true,false,false,20,1,64,1.151,0.050,0.345
867,true,false,true,false,false,false,true,true,false,60,5,64,1.640,0.055,0.505
868,true,true,true,false,true,false,true,false,false,20,5,60,1.706,0.054,0.531
869,true,true,true,false,false,true,false,false,false,20,1,48,1.135,0.053,0.334
87,true,false,true,true,true,false,false,true,true,40,9,56,2.155,0.058,0.670
870,true,false,true,false,false,false,true,true,false,60,1,64,1.183,0.051,0.352
871,true,false,true,false,true,true,true,false,false,20,1,64,1.183,0.051,0.348
872,true,false,true,true,false,false,true,true,false,20,1,64,1.191,0.052,0.364
873,true,true,true,false,false,true,false,false,false,20,5,48,1.845,0.055,0.586
874,true,true,true,false,true,false,true,false,false,20,9,60,2.424,0.060,0.743
875,true,true,true,false,true,false,true,true,true,40,1,64,1.144,0.051,0.344
876,true,true,true,true,false,true,true,false,true,40,1,64,1.157,0.051,0.349
877,true,true,true,true,false,false,false,true,true,20,9,52,2.095,0.059,0.644
878,true,true,true,false,true,false,true,true,true,40,5,64,1.615,0.056,0.497
879,true,true,true,true,false,false,false,true,true,20,5,52,1.539,0.054,0.471
88,true,true,true,true,false,false,true,false,false,20,1,64,1.178,0.052,0.355
880,true,true,true,false,false,true,false,false,false,40,1,52,1.122,0.052,0.339
881,true,false,true,false,false,true,true,true,false,40,1,64,1.202,0.052,0.358
882,true,true,true,false,true,false,true,true,true,40,9,64,2.292,0.065,0.707
883,true,true,true,true,false,true,true,false,true,40,9,64,2.799,0.063,0.879
884,true,false,true,false,false,true,true,true,false,40,5,64,1.849,0.057,0.556
885,true,false,true,true,true,true,true,true,true,20,9,68,2.698,0.063,0.804
886,true,true,true,true,false,true,true,false,true,40,5,64,1.959,0.058,0.612
887,true,false,true,false,false,true,true,true,false,40,9,64,2.790,0.065,0.826
888,true,false,true,true,false,true,false,true,true,60,5,60,1.827,0.061,0.590
889,true,true,true,false,false,false,false,false,false,60,1,52,1.149,0.053,0.360
89,true,false,true,true,true,false,true,false,true,60,5,68,1.720,0.056,0.532
890,true,false,true,true,false,true,false,true,true,60,1,56,1.267,0.056,0.391
891,true,true,true,false,false,false,false,false,false,60,5,52,1.688,0.057,0.539
892,true,true,true,true,false,false,false,true,true,20,1,48,1.083,0.051,0.321
893,true,true,true,false,false,false,false,false,false,60,9,52,2.407,0.063,0.760
894,true,true,true,false,true,true,false,false,true,40,5,52,1.837,0.057,0.592
895,true,false,true,true,true,false,false,false,true,40,1,56,1.148,0.055,0.354
896,true,true,true,false,true,true,false,false,true,40,1,52,1.111,0.052,0.334
897,true,false,true,true,true,false,false,false,true,60,9,56,2.338,0.061,0.729
898,true,true,true,false,false,false,false,true,true,60,1,52,1.170,0.055,0.360
899,true,true,true,false,true,true,false,false,true,20,9,48,2.718,0.063,0.849
9,true,false,true,true,false,true,true,true,true,60,9,68,2.681,0.063,0.794
90,true,true,true,true,false,false,false,false,true,60,9,56,2.376,0.064,0.739
900,true,true,true,false,false,false,false,true,true,60,5,56,1.559,0.057,0.487
901,true,false,true,true,false,true,false,true,true,20,9,52,2.625,0.063,0.790
902,true,true,true,false,false,false,false,true,true,60,9,56,2.196,0.060,0.673
903,true,true,true,true,false,false,false,false,false,20,1,48,1.101,0.051,0.328
904,true,false,true,true,false,true,false,true,true,20,5,52,1.778,0.057,0.545
905,true,false,true,false,true,true,true,false,false,40,9,64,2.790,0.061,0.875
906,true,false,true,false,false,true,true,true,false,20,9,64,2.654,0.059,0.785
907,true,false,true,true,true,true,true,true,true,40,5,68,1.840,0.056,0.555
908,true,true,true,false,true,false,true,false,false,40,1,64,1.174,0.052,0.353
909,true,false,true,true,true,true,true,true,true,40,1,68,1.220,0.053,0.365
91,true,false,true,false,true,false,false,false,false,40,9,52,2.314,0.059,0.712
910,true,false,true,false,true,true,true,false,false,40,1,64,1.191,0.051,0.353
911,true,true,true,false,true,false,true,false,false,40,5,60,1.762,0.060,0.543
912,true,true,true,false,false,true,false,false,false,40,5,52,1.859,0.059,0.606
913,true,false,true,false,true,true,true,false,false,40,5,64,1.958,0.061,0.606
914,true,true,true,false,false,true,false,false,false,40,9,52,2.737,0.064,0.891
915,true,true,true,false,true,false,true,false,false,40,9,60,2.438,0.061,0.750
916,true,false,true,false,true,false,false,true,false,20,1,48,1.169,0.053,0.346
917,true,true,true,true,false,true,true,false,true,60,5,64,1.890,0.055,0.588
918,true,true,true,false,true,false,true,true,true,60,1,64,1.191,0.054,0.358
919,true,false,true,true,false,true,false,false,false,20,1,52,1.124,0.051,0.335
92,true,false,true,true,true,false,false,true,true,40,5,56,1.529,0.055,0.472
920,true,true,true,false,true,false,true,true,true,60,5,64,1.605,0.055,0.496
921,true,true,true,true,false,true,true,false,true,60,1,64,1.148,0.051,0.341
922,true,true,true,true,false,false,false,true,true,40,9,56,2.131,0.060,0.656
923,true,true,true,false,false,true,false,false,false,60,1,52,1.135,0.054,0.351
924,true,false,true,false,false,true,true,true,false,20,1,64,1.192,0.052,0.355
925,true,true,true,false,true,false,true,true,true,60,9,64,2.298,0.061,0.708
926,true,false,true,false,false,true,true,true,false,20,5,64,1.834,0.055,0.549
927,true,true,true,true,false,true,true,false,true,60,9,64,2.805,0.062,0.882
928,true,false,true,true,true,true,true,true,true,40,9,68,2.757,0.066,0.812
929,true,false,true,true,false,true,false,true,true,40,5,56,1.801,0.058,0.572
93,true,true,true,true,false,false,true,false,false,20,5,64,1.745,0.055,0.536
930,true,true,true,true,false,false,false,false,false,20,5,48,1.643,0.059,0.511
931,true,false,true,true,false,true,false,true,true,40,1,56,1.119,0.052,0.343
932,true,true,true,false,false,false,false,false,false,40,1,52,1.140,0.052,0.344
933,true,true,true,true,false,false,false,false,false,20,9,48,2.301,0.060,0.706
934,true,false,true,false,true,false,false,true,false,20,9,48,2.210,0.065,0.677
935,true,true,true,false,false,false,false,false,false,40,5,52,1.638,0.055,0.514
936,true,true,true,false,true,true,false,false,true,20,5,48,1.838,0.058,0.579
937,true,false,true,true,true,false,false,false,true,60,1,56,1.232,0.054,0.381
938,true,true,true,true,false,false,false,true,true,40,5,56,1.548,0.059,0.482
939,true,false,true,true,false,true,false,false,false,20,9,52,2.804,0.069,0.910
94,true,false,true,true,true,false,true,false,true,60,1,68,1.162,0.051,0.352
940,true,true,true,false,false,false,false,false,false,40,9,52,2.381,0.063,0.744
941,true,true,true,false,true,true,false,false,true,20,1,48,1.110,0.051,0.321
942,true,false,true,false,true,false,false,true,false,20,5,48,1.585,0.059,0.483
943,true,false,true,true,true,false,false,false,true,60,5,56,1.635,0.055,0.519
944,true,true,true,true,false,false,false,true,true,40,1,56,1.208,0.060,0.367
945,true,false,true,true,false,true,false,false,false,20,5,52,1.841,0.056,0.594
946,true,true,true,true,true,true,false,false,false,60,5,56,1.817,0.058,0.603
947,true,false,true,false,false,false,true,true,false,20,9,64,2.259,0.060,0.693
948,true,true,true,true,true,true,false,false,false,60,1,56,1.080,0.052,0.339
949,true,false,true,false,false,false,true,true,false,20,5,64,1.658,0.057,0.516
95,true,true,true,true,false,false,false,false,true,60,5,56,1.593,0.054,0.508
950,true,true,true,true,true,false,true,true,true,40,9,68,2.213,0.059,0.677
951,true,false,true,false,true,true,true,true,true,20,9,64,2.691,0.066,0.793
952,true,true,true,false,false,true,false,true,true,20,5,48,1.759,0.056,0.529
953,true,false,true,false,true,true,true,true,true,20,5,64,1.878,0.061,0.564
954,true,true,true,false,false,true,false,true,true,20,9,48,2.646,0.065,0.792
955,true,true,true,true,true,true,false,false,false,60,9,56,2.778,0.065,0.920
956,true,false,true,false,true,true,true,true,true,20,1,64,1.221,0.053,0.357
957,true,false,true,true,true,true,true,true,true,60,9,68,2.735,0.062,0.813
958,true,true,true,false,true,false,true,false,false,60,1,64,1.187,0.053,0.355
959,true,false,true,true,true,true,true,true,true,60,5,68,1.953,0.061,0.585
96,true,false,true,false,false,false,true,false,false,40,9,64,2.443,0.060,0.743
960,true,true,true,false,false,true,false,true,true,20,1,48,1.125,0.053,0.327
961,true,true,true,false,true,false,true,false,false,60,5,60,1.701,0.054,0.525
962,true,false,true,true,true,true,true,true,true,60,1,68,1.212,0.053,0.359
963,true,false,true,false,false,false,true,true,false,20,1,64,1.184,0.050,0.351
964,true,true,true,true,true,false,true,true,true,40,5,68,1.672,0.056,0.508
965,true,true,true,false,true,false,true,false,false,60,9,60,2.406,0.058,0.743
966,true,true,true,true,false,true,true,true,false,20,1,64,1.169,0.052,0.351
967,true,true,true,true,true,false,true,true,true,40,1,68,1.138,0.050,0.340
968,true,false,true,true,false,true,false,false,false,40,1,56,1.135,0.052,0.350
969,true,true,true,true,false,true,true,true,false,20,5,64,1.810,0.055,0.543
97,true,true,true,false,true,true,false,true,true,60,9,56,2.573,0.063,0.784
970,true,false,true,false,true,false,false,true,false,40,5,52,1.566,0.056,0.485
971,true,true,true,true,false,true,true,true,false,20,9,64,2.664,0.061,0.788
972,true,false,true,false,true,false,false,true,false,40,1,52,1.165,0.054,0.359
973,true,true,true,true,true,false,true,false,false,20,1,64,1.142,0.052,0.347
974,true,true,true,false,true,true,false,true,false,20,5,48,1.815,0.058,0.552
975,true,true,true,false,true,true,false,true,false,20,1,48,1.145,0.052,0.333
976,true,false,true,true,false,true,false,false,false,40,9,56,2.862,0.065,0.936
977,true,true,true,false,true,true,false,true,false,20,9,48,2.677,0.062,0.796
978,true,false,true,true,false,true,false,false,false,40,5,56,1.860,0.058,0.618
979,true,false,true,false,true,false,false,true,false,40,9,52,2.214,0.066,0.681
98,true,true,true,false,false,true,true,true,true,40,1,64,1.190,0.051,0.351
980,true,true,true,true,true,false,true,true,true,20,9,68,2.258,0.058,0.690
981,true,false,true,false,false,false,true,true,false,40,9,64,2.263,0.062,0.695
982,true,false,true,true,true,true,true,true,false,60,5,68,1.831,0.056,0.556
983,true,false,true,true,true,false,false,false,true,20,5,52,1.601,0.056,0.490
984,true,true,true,true,true,false,true,true,true,20,5,68,1.694,0.055,0.519
985,true,false,true,false,true,true,true,true,true,40,9,64,2.682,0.061,0.791
986,true,false,true,false,false,false,true,true,false,40,5,64,1.637,0.058,0.501
987,true,false,true,true,true,true,true,true,false,60,1,68,1.197,0.052,0.361
988,true,false,true,true,true,false,false,false,true,20,9,52,2.301,0.062,0.696
989,true,false,true,false,true,true,true,true,true,40,5,64,1.828,0.056,0.546
99,true,false,true,true,true,true,false,true,false,60,9,56,2.566,0.062,0.796
990,true,true,true,false,false,true,false,true,true,40,5,52,1.851,0.065,0.571
991,true,false,true,false,true,true,true,true,true,40,1,64,1.227,0.053,0.358
992,true,true,true,false,false,true,false,true,true,40,9,52,2.652,0.064,0.805
993,true,false,true,true,false,true,false,true,true,60,9,60,2.656,0.064,0.824
994,true,true,true,false,false,true,false,true,true,40,1,52,1.175,0.053,0.353
995,true,true,true,true,true,false,true,true,true,20,1,68,1.186,0.053,0.359
996,true,true,true,true,false,true,true,true,false,40,1,64,1.149,0.051,0.344
997,true,false,true,false,false,false,true,true,false,40,1,64,1.170,0.051,0.348
998,true,true,true,true,false,true,true,true,false,40,5,64,1.824,0.055,0.547
999,true,false,true,true,true,true,true,true,false,60,9,68,2.658,0.061,0.790
