,cabac,ref,deblock,analyse,me,subme,mixed_ref,me_range,trellis,8x8dct,fast_pskip,chroma_qp_offset,bframes,b_pyramid,b_adapt,direct,weightb,open_gop,weightp,scenecut,rc_lookahead,mbtree,qpmax,aq-mode
Sports_480P-3f50.csv,0,8,1:0:0,0x3:0x133,umh,4,0,24,2,1,0,0,8,1,2,None,None,None,0,0,60,1,69,1
NewsClip_720P-6cde.csv,0,8,1:0:0,0x3:0x133,umh,9,0,24,2,1,0,0,0,1,2,None,None,None,0,0,60,0,69,1
LiveMusic_720P-289b.csv,0,8,1:0:0,0x3:0x133,umh,9,0,16,2,1,0,0,0,None,2,None,None,None,0,0,60,0,69,0
NewsClip_720P-2182.csv,0,8,1:0:0,0x3:0x133,umh,4,0,24,0,1,1,0,0,1,2,None,None,None,0,0,20,0,69,1
CoverSong_720P-7360.csv,0,8,1:0:0,0x3:0x133,umh,9,0,16,2,1,0,0,0,1,2,None,None,None,0,0,60,0,69,1
LiveMusic_480P-34be.csv,0,8,1:0:0,0x3:0x133,umh,9,0,24,2,1,0,0,0,1,2,None,None,None,0,0,60,0,69,1
Gaming_1080P-5ae7.csv,0,8,1:0:0,0x3:0x113,umh,4,0,24,2,1,0,0,0,1,2,None,None,None,0,None,None,0,69,1
VerticalVideo_1080P-1105.csv,0,8,1:0:0,0x3:0x113,umh,4,0,24,2,1,1,0,0,1,2,None,None,None,0,None,None,0,69,1
Sports_720P-7ba7.csv,0,8,1:0:0,0x3:0x133,umh,4,0,24,0,1,1,0,0,1,2,None,None,None,0,0,20,0,69,1
Lecture_720P-3b7f.csv,0,8,1:0:0,0x3:0x133,umh,9,0,24,2,1,0,0,0,None,2,None,None,None,0,0,60,0,69,1
NewsClip_1080P-2eb0.csv,0,8,1:0:0,0x3:0x113,umh,9,0,24,2,1,0,0,0,1,2,None,None,None,0,0,60,0,69,1
Gaming_2160P-348d.csv,0,8,1:0:0,0x3:0x133,umh,9,0,16,2,1,0,0,0,1,2,None,None,None,0,0,60,0,69,1
NewsClip_480P-5a3b.csv,0,8,1:0:0,0x3:0x133,umh,9,0,24,2,1,0,0,0,1,2,None,None,None,0,0,60,0,69,1
HDR_2160P-6fa4.csv,0,8,1:0:0,0x3:0x113,umh,4,0,16,2,1,0,0,0,1,2,None,None,None,0,0,20,0,69,1
NewsClip_720P-4603.csv,0,8,1:0:0,0x3:0x133,umh,9,0,24,2,1,0,0,0,None,2,None,None,None,0,None,60,0,69,1
VerticalVideo_360P-7ec3.csv,0,8,1:0:0,0x3:0x133,umh,9,0,24,2,1,0,0,0,1,2,None,None,None,0,0,60,0,69,1
Sports_480P-2dfe.csv,0,8,1:0:0,0x3:0x133,umh,9,0,24,2,1,0,0,0,1,2,None,None,None,0,0,60,0,69,1
Gaming_720P-1035.csv,0,8,1:0:0,0x3:0x133,umh,9,0,24,2,1,0,0,0,1,2,None,None,None,0,0,60,0,69,1
Lecture_480P-2ed0.csv,0,8,1:0:0,0x3:0x113,umh,9,0,16,2,1,0,0,0,1,2,None,None,None,0,0,60,0,69,1
Gaming_720P-2dbe.csv,0,8,1:0:0,0x3:0x133,umh,9,0,24,2,1,0,0,0,1,2,None,None,None,0,0,60,0,69,1
LiveMusic_480P-559d.csv,0,8,1:0:0,0x3:0x133,umh,9,0,24,2,1,0,0,0,None,2,None,None,None,0,0,60,0,69,1
Sports_360P-3e68.csv,0,8,1:0:0,0x3:0x133,umh,9,0,24,2,1,0,0,0,None,2,None,None,None,0,0,60,0,69,1
VerticalVideo_720P-19fa.csv,0,8,1:0:0,0x3:0x133,umh,4,0,24,0,1,1,0,0,1,2,None,None,None,0,0,20,0,69,1
Vlog_360P-76ae.csv,0,8,1:0:0,0x3:0x133,umh,9,0,24,2,1,0,0,0,None,2,None,None,None,0,None,60,0,69,1
Sports_1080P-679d.csv,0,8,1:0:0,0x3:0x113,umh,9,0,24,2,1,0,0,0,1,2,None,None,None,0,0,60,0,69,1
MusicVideo_480P-4802.csv,0,8,1:0:0,0x3:0x133,umh,9,0,16,2,1,0,0,0,1,2,None,None,None,0,0,60,0,69,1
CoverSong_360P-14b9.csv,0,8,1:0:0,0x3:0x133,umh,9,0,24,2,1,0,0,0,1,2,None,None,None,0,0,60,0,69,1
NewsClip_720P-7b7e.csv,0,8,1:0:0,0x3:0x133,umh,9,0,24,2,1,0,0,0,1,2,None,None,None,0,0,60,0,69,1
MusicVideo_360P-5578.csv,0,8,1:0:0,0x3:0x133,umh,9,0,24,2,1,0,0,0,None,2,None,None,None,0,None,60,0,69,0
MusicVideo_1080P-2b2b.csv,0,8,1:0:0,0x3:0x113,umh,9,0,24,2,1,0,0,0,None,2,None,None,None,0,None,60,0,69,1
CoverSong_360P-2b4d.csv,0,8,1:0:0,0x3:0x133,umh,9,0,24,2,1,0,0,0,1,2,None,None,None,0,0,60,0,69,1
NewsClip_720P-579b.csv,0,8,1:0:0,0x3:0x133,umh,4,0,24,2,1,0,0,0,1,2,None,None,None,0,0,60,0,69,1
LiveMusic_480P-1a91.csv,0,8,1:0:0,0x3:0x113,umh,9,0,24,2,1,0,0,0,1,2,None,None,None,0,0,60,0,69,1
Vlog_720P-55b6.csv,0,8,1:0:0,0x3:0x133,umh,9,0,24,2,1,0,0,0,1,2,None,None,None,0,0,60,0,69,1
NewsClip_720P-6aa6.csv,0,8,1:0:0,0x3:0x133,umh,9,0,24,2,1,0,0,0,1,2,None,None,None,0,0,60,0,69,1
Gaming_480P-6cdc.csv,0,8,1:0:0,0x3:0x133,umh,4,0,24,2,1,0,0,0,1,2,None,None,None,0,0,60,1,69,1
HDR_1080P-33e3.csv,0,8,1:0:0,0x3:0x113,umh,4,0,16,2,1,0,0,0,1,2,None,None,None,0,0,20,0,69,1
Lecture_480P-369f.csv,0,8,1:0:0,0x3:0x133,umh,9,0,24,2,1,0,0,0,None,2,None,None,None,0,None,60,0,69,1
Sports_720P-058f.csv,0,8,1:0:0,0x3:0x133,umh,4,0,24,2,1,1,0,8,1,2,None,None,None,0,0,20,1,69,1
LiveMusic_480P-474a.csv,0,8,1:0:0,0x3:0x113,umh,4,0,16,2,1,0,0,0,1,2,None,None,None,0,0,20,0,69,1
Vlog_2160P-342a.csv,0,8,1:0:0,0x3:0x133,umh,9,0,24,2,1,0,0,0,1,2,None,None,None,0,0,60,0,69,1
Vlog_2160P-77d8.csv,0,8,1:0:0,0x3:0x113,umh,4,0,16,2,1,0,0,0,1,2,None,None,None,0,None,20,0,69,1
Sports_1080P-4e05.csv,0,8,1:0:0,0x3:0x133,umh,4,0,24,2,1,1,0,8,1,2,None,None,None,0,0,20,1,69,1
CoverSong_1080P-5cae.csv,0,8,1:0:0,0x3:0x133,umh,9,0,24,2,1,0,0,0,None,2,None,None,None,0,0,60,0,69,1
LiveMusic_480P-61ef.csv,0,8,1:0:0,0x3:0x133,umh,9,0,24,2,1,0,0,0,1,2,None,None,None,0,0,60,1,69,1
HDR_2160P-664d.csv,0,8,1:0:0,0x3:0x133,umh,4,0,24,2,1,0,0,0,1,2,None,None,None,0,0,60,0,69,1
Vlog_2160P-700c.csv,0,8,1:0:0,0x3:0x113,umh,9,0,24,2,1,0,0,0,1,2,None,None,None,0,0,60,0,69,1
MusicVideo_1080P-59c4.csv,0,8,1:0:0,0x3:0x133,umh,9,0,24,2,1,1,0,0,1,2,None,None,None,0,0,20,0,69,1
MusicVideo_1080P-7265.csv,0,8,1:0:0,0x3:0x133,umh,9,0,16,2,1,0,0,0,None,2,None,None,None,0,0,60,0,69,1
Lecture_480P-4c86.csv,0,8,1:0:0,0x3:0x133,umh,4,0,24,2,1,0,0,0,1,2,None,None,None,0,0,60,1,69,1
Vlog_720P-03f9.csv,0,8,1:0:0,0x3:0x133,umh,9,0,24,2,1,0,0,0,1,2,None,None,None,0,0,60,0,69,1
LyricVideo_480P-0722.csv,0,8,1:0:0,0x3:0x133,umh,4,0,24,2,1,1,0,8,1,2,None,None,None,0,0,20,1,69,1
Gaming_720P-103a.csv,0,8,1:0:0,0x3:0x133,umh,4,0,24,2,1,0,0,0,1,2,None,None,None,0,0,60,1,69,1
Gaming_1080P-3a9d.csv,0,8,1:0:0,0x3:0x133,umh,9,0,24,2,1,1,0,0,1,2,None,None,None,0,0,60,0,69,1
Gaming_2160P-6cd8.csv,0,8,1:0:0,0x3:0x113,umh,4,0,16,2,1,0,0,0,1,2,None,None,None,0,0,None,0,69,1
Vlog_1080P-75b0.csv,0,8,1:0:0,0x3:0x113,umh,4,0,24,2,1,0,0,0,1,2,None,None,None,0,None,20,0,69,1
Lecture_720P-50b9.csv,0,8,1:0:0,0x3:0x133,umh,9,0,24,2,1,0,0,0,1,2,None,None,None,0,0,60,0,69,1
Gaming_360P-63e6.csv,0,8,1:0:0,0x3:0x133,umh,9,0,24,2,1,0,0,0,1,2,None,None,None,0,0,60,0,69,1
HDR_1080P-601b.csv,0,8,1:0:0,0x3:0x113,umh,9,0,16,2,1,0,0,0,1,2,None,None,None,0,0,60,0,69,1
VerticalVideo_1080P-4925.csv,0,8,1:0:0,0x3:0x113,umh,9,0,24,2,1,0,0,0,1,2,None,None,None,0,0,60,1,69,1
NewsClip_360P-0ff8.csv,0,8,1:0:0,0x3:0x133,umh,9,0,24,2,1,0,0,0,1,2,None,None,None,0,0,60,1,69,1
Sports_480P-77e3.csv,0,8,1:0:0,0x3:0x133,umh,9,0,24,2,1,0,0,0,1,2,None,None,None,0,0,60,0,69,1
Gaming_360P-187a.csv,0,8,1:0:0,0x3:0x133,umh,9,0,24,2,1,0,0,0,1,2,None,None,None,0,0,60,0,69,1
VR_720P-7f3e.csv,0,8,1:0:0,0x3:0x133,umh,4,0,24,2,1,1,0,8,1,2,None,None,None,0,0,20,1,69,1
CoverSong_480P-4d34.csv,0,8,1:0:0,0x3:0x133,umh,9,0,24,2,1,0,0,0,1,2,None,None,None,0,0,60,0,69,1
VerticalVideo_1080P-73b6.csv,0,8,1:0:0,0x3:0x133,umh,4,0,24,2,1,0,0,0,1,2,None,None,None,0,0,60,0,69,1
LiveMusic_1080P-541f.csv,0,8,1:0:0,0x3:0x133,umh,9,0,24,2,1,0,0,0,1,2,None,None,None,0,0,60,0,69,1
NewsClip_480P-0269.csv,0,8,1:0:0,0x3:0x133,umh,4,0,24,2,1,0,0,0,1,2,None,None,None,0,0,60,0,69,1
Animation_720P-57d9.csv,0,8,1:0:0,0x3:0x113,umh,4,0,16,2,1,0,0,0,1,2,None,None,None,0,0,20,0,69,1
HowTo_480P-63a2.csv,0,8,1:0:0,0x3:0x133,umh,9,0,24,2,1,0,0,0,1,2,None,None,None,0,0,60,0,69,1
HowTo_480P-64a2.csv,0,8,1:0:0,0x3:0x113,umh,9,0,24,2,1,0,0,0,1,2,None,None,None,0,0,60,1,69,1
CoverSong_720P-014c.csv,0,8,1:0:0,0x3:0x133,umh,9,0,24,2,1,0,0,0,None,2,None,None,None,0,None,60,0,69,1
LiveMusic_360P-7483.csv,0,8,1:0:0,0x3:0x133,umh,9,0,24,2,1,0,0,0,1,2,None,None,None,0,0,60,0,69,1
Sports_360P-4ad7.csv,0,8,1:0:0,0x3:0x133,umh,9,0,24,2,1,0,0,0,1,2,None,None,None,0,None,60,0,69,1
Gaming_1080P-57ca.csv,0,8,1:0:0,0x3:0x113,umh,4,0,24,2,1,1,0,8,1,2,None,None,None,0,0,20,1,69,1
Vlog_1080P-26dc.csv,0,8,1:0:0,0x3:0x133,umh,4,0,24,2,1,1,0,8,1,2,None,None,None,0,0,20,1,69,1
HowTo_480P-60b3.csv,0,8,1:0:0,0x3:0x133,umh,9,0,24,2,1,0,0,0,None,2,None,None,None,0,None,60,0,69,0
TelevisionClip_480P-09d8.csv,0,8,1:0:0,0x3:0x133,umh,9,0,24,2,1,0,0,0,1,2,None,None,None,0,0,60,0,69,1
Vlog_1080P-634b.csv,0,8,1:0:0,0x3:0x113,umh,4,0,16,2,1,0,0,0,1,2,None,None,None,0,0,20,0,69,1
Vlog_720P-0d79.csv,0,8,1:0:0,0x3:0x133,umh,9,0,24,2,1,0,0,0,1,2,None,None,None,0,0,60,1,69,1
VerticalVideo_720P-1ada.csv,0,8,1:0:0,0x3:0x133,umh,9,0,24,2,1,0,0,0,None,2,None,None,None,0,0,60,0,69,1
Gaming_720P-0fba.csv,0,8,1:0:0,0x3:0x133,umh,4,0,24,2,1,0,0,8,1,2,None,None,None,0,0,60,0,69,1
Animation_720P-4b17.csv,0,8,1:0:0,0x3:0x133,umh,9,0,24,2,1,0,0,0,1,2,None,None,None,0,0,60,0,69,1
Gaming_2160P-7ff0.csv,0,8,1:0:0,0x3:0x113,umh,4,0,16,2,1,0,0,0,1,2,None,None,None,0,0,None,0,69,1
Vlog_2160P-26ef.csv,0,8,1:0:0,0x3:0x113,umh,4,0,16,2,1,0,0,0,1,2,None,None,None,0,0,20,0,69,1
MusicVideo_360P-17e4.csv,0,8,1:0:0,0x3:0x133,umh,9,0,24,2,1,0,0,0,None,2,None,None,None,0,0,60,0,69,1
Vlog_1080P-7e8c.csv,0,8,1:0:0,0x3:0x113,umh,9,0,24,2,1,1,0,0,1,2,None,None,None,0,None,60,0,69,1
HowTo_1080P-55d1.csv,0,8,1:0:0,0x3:0x133,umh,9,0,24,2,1,0,0,0,1,2,None,None,None,0,0,60,0,69,1
Sports_1080P-1ae3.csv,0,8,1:0:0,0x3:0x113,umh,4,0,24,0,1,1,0,8,1,2,None,None,None,0,0,20,0,69,1
Vlog_1080P-687a.csv,0,8,1:0:0,0x3:0x133,umh,4,0,24,2,1,0,0,0,1,2,None,None,None,0,None,60,0,69,1
Sports_1080P-1bf7.csv,0,8,1:0:0,0x3:0x133,umh,9,0,24,2,1,0,0,0,1,2,None,None,None,0,0,60,0,69,1
Sports_360P-2725.csv,0,8,1:0:0,0x3:0x133,umh,9,0,24,2,1,0,0,0,1,2,None,None,None,0,0,60,1,69,1
LyricVideo_1080P-41ee.csv,0,8,1:0:0,0x3:0x113,umh,9,0,24,2,1,0,0,0,None,2,None,None,None,0,0,60,0,69,0
HDR_1080P-0d31.csv,0,8,1:0:0,0x3:0x113,umh,9,0,16,2,1,0,0,0,1,2,None,None,None,0,0,60,0,69,1
HowTo_1080P-63ec.csv,0,8,1:0:0,0x3:0x133,umh,9,0,24,2,1,0,0,0,1,2,None,None,None,0,0,60,0,69,1
LyricVideo_720P-36fb.csv,0,8,1:0:0,0x3:0x133,umh,9,0,16,2,1,0,0,0,None,2,None,None,None,0,0,60,0,69,0
NewsClip_360P-5052.csv,0,8,1:0:0,0x3:0x133,umh,9,0,24,2,1,0,0,0,1,2,None,None,None,0,0,60,1,69,1
Sports_360P-2e48.csv,0,8,1:0:0,0x3:0x133,umh,4,0,24,2,1,0,0,0,1,2,None,None,None,0,0,60,1,69,1
Lecture_720P-1f22.csv,0,8,1:0:0,0x3:0x133,umh,9,0,24,2,1,0,0,0,1,2,None,None,None,0,0,60,0,69,1
Sports_720P-2c80.csv,0,8,1:0:0,0x3:0x133,umh,4,0,24,0,1,1,0,0,1,2,None,None,None,0,0,20,0,69,1
Sports_2160P-391a.csv,0,8,1:0:0,0x3:0x133,umh,9,0,24,2,1,0,0,0,1,2,None,None,None,0,0,60,0,69,1
Animation_720P-431c.csv,0,8,1:0:0,0x3:0x133,umh,9,0,16,2,1,0,0,0,None,2,None,None,None,0,0,60,0,69,1
LiveMusic_1080P-48d5.csv,0,8,1:0:0,0x3:0x133,umh,9,0,24,2,1,0,0,0,1,2,None,None,None,0,0,20,0,69,1
LiveMusic_1080P-2930.csv,0,8,1:0:0,0x3:0x113,umh,9,0,24,2,1,0,0,0,1,2,None,None,None,0,None,60,0,69,1
Gaming_360P-2164.csv,0,8,1:0:0,0x3:0x133,umh,9,0,24,2,1,0,0,0,1,2,None,None,None,0,0,60,1,69,1
VR_2160P-1c15.csv,0,8,1:0:0,0x3:0x113,umh,9,0,16,2,1,0,0,0,None,2,None,None,None,0,0,60,0,69,0
Animation_480P-52af.csv,0,8,1:0:0,0x3:0x133,umh,9,0,24,2,1,0,0,0,1,2,None,None,None,0,0,60,0,69,1
Gaming_2160P-2cb1.csv,0,8,1:0:0,0x3:0x113,umh,9,0,24,2,1,0,0,0,1,2,None,None,None,0,0,60,0,69,1
Vlog_720P-141f.csv,0,8,1:0:0,0x3:0x133,umh,9,0,24,2,1,0,0,0,None,2,None,None,None,0,0,60,0,69,1
CoverSong_720P-01a1.csv,0,8,1:0:0,0x3:0x133,umh,9,0,24,2,1,0,0,0,1,2,None,None,None,0,None,60,0,69,1
NewsClip_720P-5564.csv,0,8,1:0:0,0x3:0x133,umh,9,0,24,2,1,0,0,0,1,2,None,None,None,0,0,60,1,69,1
Sports_480P-0af9.csv,0,8,1:0:0,0x3:0x133,umh,9,0,24,2,1,0,0,0,1,2,None,None,None,0,0,60,0,69,1
Gaming_720P-4cda.csv,0,8,1:0:0,0x3:0x133,umh,9,0,24,2,1,0,0,0,1,2,None,None,None,0,0,60,0,69,1
HowTo_720P-2cc6.csv,0,8,1:0:0,0x3:0x133,umh,9,0,24,2,1,0,0,0,None,2,None,None,None,0,None,60,0,69,0
Sports_1080P-28a6.csv,0,8,1:0:0,0x3:0x133,umh,9,0,24,2,1,0,0,0,1,2,None,None,None,0,0,60,0,69,1
Lecture_1080P-547b.csv,0,8,1:0:0,0x3:0x133,umh,9,0,16,2,1,0,0,0,1,2,None,None,None,0,0,60,0,69,1
HowTo_1080P-63b4.csv,0,8,1:0:0,0x3:0x133,umh,9,0,24,2,1,0,0,0,None,2,None,None,None,0,None,60,0,69,1
VR_2160P-1422.csv,0,8,1:0:0,0x3:0x113,umh,9,0,16,2,1,0,0,0,1,2,None,None,None,0,0,60,0,69,1
VerticalVideo_1080P-04d4.csv,0,8,1:0:0,0x3:0x133,umh,9,0,24,2,1,0,0,0,None,2,None,None,None,0,0,60,0,69,1
Vlog_360P-433e.csv,0,8,1:0:0,0x3:0x133,umh,9,0,24,2,1,0,0,0,1,2,None,None,None,0,0,60,0,69,1
LyricVideo_720P-2d24.csv,0,8,1:0:0,0x3:0x133,umh,9,0,24,2,1,0,0,0,None,2,None,None,None,0,None,60,0,69,0
Animation_720P-7ff2.csv,0,8,1:0:0,0x3:0x133,umh,9,0,24,2,1,0,0,0,1,2,None,None,None,0,None,60,0,69,1
Gaming_480P-6d1e.csv,0,8,1:0:0,0x3:0x133,umh,9,0,24,2,1,0,0,0,1,2,None,None,None,0,0,60,0,69,1
NewsClip_480P-28eb.csv,0,8,1:0:0,0x3:0x133,umh,9,0,24,2,1,0,0,0,1,2,None,None,None,0,0,60,0,69,1
Animation_480P-6ff4.csv,0,8,1:0:0,0x3:0x133,umh,9,0,24,2,1,0,0,0,1,2,None,None,None,0,0,60,0,69,1
CoverSong_480P-3f3b.csv,0,8,1:0:0,0x3:0x133,umh,9,0,24,2,1,0,0,0,1,2,None,None,None,0,0,60,0,69,1
HowTo_720P-269e.csv,0,8,1:0:0,0x3:0x133,umh,9,0,24,2,1,0,0,0,1,2,None,None,None,0,0,60,0,69,1
CoverSong_360P-4add.csv,0,8,1:0:0,0x3:0x133,umh,9,0,24,2,1,0,0,0,None,2,None,None,None,0,None,60,0,69,1
LiveMusic_1080P-7ead.csv,0,8,1:0:0,0x3:0x133,umh,9,0,16,2,1,0,0,0,None,2,None,None,None,0,0,60,0,69,0
Sports_2160P-2eda.csv,0,8,1:0:0,0x3:0x133,umh,9,0,24,2,1,0,0,0,1,2,None,None,None,0,0,60,0,69,0
NewsClip_1080P-3c7c.csv,0,8,1:0:0,0x3:0x133,umh,9,0,24,2,1,0,0,0,1,2,None,None,None,0,0,60,0,69,1
Vlog_1080P-19bb.csv,0,8,1:0:0,0x3:0x113,umh,4,0,16,2,1,0,0,0,1,2,None,None,None,0,None,20,0,69,1
Lecture_720P-1033.csv,0,8,1:0:0,0x3:0x113,umh,4,0,16,2,1,0,0,0,1,2,None,None,None,0,0,20,0,69,1
CoverSong_720P-449f.csv,0,8,1:0:0,0x3:0x133,umh,9,0,24,2,1,0,0,0,1,2,None,None,None,0,0,60,0,69,1
TelevisionClip_480P-436c.csv,0,8,1:0:0,0x3:0x133,umh,9,0,24,2,1,0,0,0,1,2,None,None,None,0,0,60,0,69,1
MusicVideo_1080P-55af.csv,0,8,1:0:0,0x3:0x113,umh,4,0,24,2,1,1,0,8,1,2,None,None,None,0,0,20,1,69,1
LyricVideo_360P-5b54.csv,0,8,1:0:0,0x3:0x133,umh,9,0,24,2,1,0,0,0,1,2,None,None,None,0,0,60,0,69,1
TelevisionClip_1080P-3d10.csv,0,8,1:0:0,0x3:0x133,umh,9,0,24,2,1,0,0,0,None,2,None,None,None,0,None,60,0,69,1
Vlog_480P-7615.csv,0,8,1:0:0,0x3:0x133,umh,4,0,24,2,1,1,0,8,1,2,None,None,None,0,0,20,1,69,1
TelevisionClip_1080P-3758.csv,0,8,1:0:0,0x3:0x113,umh,9,0,16,2,1,0,0,0,1,2,None,None,None,0,0,60,0,69,1
Animation_480P-35ee.csv,0,8,1:0:0,0x3:0x133,umh,9,0,24,2,1,0,0,0,None,2,None,None,None,0,0,60,0,69,0
LiveMusic_480P-331a.csv,0,8,1:0:0,0x3:0x133,umh,9,0,24,2,1,0,0,0,1,2,None,None,None,0,0,60,0,69,1
LyricVideo_360P-3afc.csv,0,8,1:0:0,0x3:0x133,umh,9,0,24,2,1,0,0,0,1,2,None,None,None,0,0,60,0,69,1
Lecture_480P-41b7.csv,0,8,1:0:0,0x3:0x133,umh,9,0,24,2,1,0,0,0,1,2,None,None,None,0,0,60,0,69,1
MusicVideo_1080P-1a53.csv,0,8,1:0:0,0x3:0x113,umh,9,0,24,2,1,0,-2,0,1,2,None,None,None,0,None,60,0,69,1
LiveMusic_1080P-59b3.csv,0,8,1:0:0,0x3:0x133,umh,9,0,16,2,1,0,0,0,None,2,None,None,None,0,0,60,0,69,1
TelevisionClip_480P-3284.csv,0,8,1:0:0,0x3:0x133,umh,9,0,24,2,1,0,0,0,1,2,None,None,None,0,0,60,0,69,1
Gaming_480P-6a5a.csv,0,8,1:0:0,0x3:0x133,umh,9,0,24,2,1,0,0,0,1,2,None,None,None,0,0,60,0,69,1
LiveMusic_360P-3979.csv,0,8,1:0:0,0x3:0x133,umh,9,0,24,2,1,0,0,0,1,2,None,None,None,0,0,60,0,69,0
VR_1080P-2f02.csv,0,8,1:0:0,0x3:0x133,umh,9,0,24,2,1,0,0,0,1,2,None,None,None,0,0,60,0,69,1
LyricVideo_480P-2c50.csv,0,8,1:0:0,0x3:0x133,umh,9,0,24,2,1,0,0,0,1,2,None,None,None,0,0,60,0,69,1
CoverSong_480P-64d0.csv,0,8,1:0:0,0x3:0x133,umh,9,0,24,2,1,0,0,0,1,2,None,None,None,0,0,60,0,69,1
VerticalVideo_1080P-2195.csv,0,8,1:0:0,0x3:0x113,umh,9,0,24,2,1,0,0,0,1,2,None,None,None,0,None,60,0,69,1
Gaming_360P-2141.csv,0,8,1:0:0,0x3:0x133,umh,9,0,24,2,1,0,0,0,1,2,None,None,None,0,0,60,0,69,1
NewsClip_480P-696e.csv,0,8,1:0:0,0x3:0x133,umh,9,0,24,2,1,0,0,0,1,2,None,None,None,0,0,60,0,69,1
Vlog_1080P-6686.csv,0,8,1:0:0,0x3:0x113,umh,4,0,24,2,1,1,0,8,1,2,None,None,None,0,0,20,1,69,1
Gaming_1080P-44c4.csv,0,8,1:0:0,0x3:0x113,umh,9,0,24,2,1,1,0,0,1,2,None,None,None,0,0,60,1,69,1
Animation_1080P-0c4f.csv,0,8,1:0:0,0x3:0x133,umh,9,0,24,2,1,0,0,0,1,2,None,None,None,0,0,60,0,69,1
Gaming_1080P-6db2.csv,0,8,1:0:0,0x3:0x133,umh,9,0,24,2,1,0,0,0,1,2,None,None,None,0,0,60,0,69,1
HDR_1080P-49d6.csv,0,8,1:0:0,0x3:0x133,umh,9,0,24,2,1,0,0,0,None,2,None,None,None,0,None,60,0,69,0
TelevisionClip_720P-7c06.csv,0,8,1:0:0,0x3:0x133,umh,9,0,24,2,1,0,0,0,1,2,None,None,None,0,0,60,0,69,1
LyricVideo_1080P-3803.csv,0,8,1:0:0,0x3:0x133,umh,9,0,24,2,1,0,0,0,1,2,None,None,None,0,0,60,0,69,1
CoverSong_480P-5b62.csv,0,8,1:0:0,0x3:0x113,umh,4,0,24,2,1,1,0,8,1,2,None,None,None,0,0,20,1,69,1
VerticalVideo_1080P-3a9b.csv,0,8,1:0:0,0x3:0x133,umh,9,0,24,2,1,0,0,0,None,2,None,None,None,0,None,60,0,69,1
Gaming_2160P-3ce4.csv,0,8,1:0:0,0x3:0x133,umh,9,0,16,2,1,0,0,0,1,2,None,None,None,0,0,60,0,69,1
Animation_480P-3fdf.csv,0,8,1:0:0,0x3:0x133,umh,4,0,24,0,1,1,0,0,1,2,None,None,None,0,0,20,1,69,1
NewsClip_720P-37f7.csv,0,8,1:0:0,0x3:0x133,umh,9,0,24,2,1,0,0,0,1,2,None,None,None,0,0,60,0,69,1
HowTo_480P-0d00.csv,0,8,1:0:0,0x3:0x133,umh,9,0,24,2,1,0,0,0,1,2,None,None,None,0,0,60,0,69,1
Vlog_1080P-7062.csv,0,8,1:0:0,0x3:0x113,umh,9,0,24,2,1,0,0,0,1,2,None,None,None,0,0,60,0,69,1
Lecture_480P-2513.csv,0,8,1:0:0,0x3:0x133,umh,9,0,24,2,1,0,0,0,1,2,None,None,None,0,0,60,0,69,1
Lecture_1080P-011f.csv,0,8,1:0:0,0x3:0x133,umh,9,0,24,2,1,0,0,0,None,2,None,None,None,0,0,60,0,69,1
VerticalVideo_480P-790a.csv,0,8,1:0:0,0x3:0x133,umh,9,0,24,2,1,0,0,0,None,2,None,None,None,0,None,60,0,69,0
Sports_480P-3404.csv,0,8,1:0:0,0x3:0x133,umh,9,0,24,2,1,0,0,0,None,2,None,None,None,0,None,60,0,69,1
Sports_720P-00a1.csv,0,8,1:0:0,0x3:0x113,umh,4,0,24,2,1,1,0,8,1,2,None,None,None,0,0,20,1,69,1
VR_1080P-1d16.csv,0,8,1:0:0,0x3:0x133,umh,9,0,24,2,1,0,0,0,1,2,None,None,None,0,0,60,1,69,1
Vlog_2160P-7f9f.csv,0,8,1:0:0,0x3:0x113,umh,4,0,24,2,1,0,0,0,1,2,None,None,None,0,40,20,0,69,1
HDR_2160P-351f.csv,0,8,1:0:0,0x3:0x133,umh,9,0,16,2,1,0,0,0,1,2,None,None,None,0,0,60,0,69,1
Sports_480P-7f7e.csv,0,8,1:0:0,0x3:0x133,umh,9,0,24,2,1,0,0,0,None,2,None,None,None,0,0,60,0,69,1
LyricVideo_1080P-1d75.csv,0,8,1:0:0,0x3:0x133,umh,9,0,24,2,1,0,0,0,1,2,None,None,None,0,0,60,0,69,1
HowTo_720P-017a.csv,0,8,1:0:0,0x3:0x133,umh,9,0,24,2,1,0,0,0,None,2,None,None,None,0,None,60,0,69,0
Gaming_720P-6403.csv,0,8,1:0:0,0x3:0x133,umh,9,0,24,2,1,0,0,0,1,2,None,None,None,0,0,60,1,69,1
Lecture_360P-30eb.csv,0,8,1:0:0,0x3:0x133,umh,9,0,24,2,1,0,0,0,1,2,None,None,None,0,0,60,0,69,1
VerticalVideo_1080P-6e19.csv,0,8,1:0:0,0x3:0x133,umh,4,0,24,0,1,1,0,0,1,2,None,None,None,0,0,20,0,69,1
Gaming_480P-75f7.csv,0,8,1:0:0,0x3:0x133,umh,9,0,24,2,1,0,0,0,1,2,None,None,None,0,None,60,0,69,1
LiveMusic_720P-0cd5.csv,0,8,1:0:0,0x3:0x133,umh,9,0,16,2,1,0,0,0,1,2,None,None,None,0,0,60,0,69,1
MusicVideo_1080P-7706.csv,0,8,1:0:0,0x3:0x113,umh,9,0,24,2,1,0,0,0,1,2,None,None,None,0,None,60,0,69,1
Vlog_1080P-322f.csv,0,8,1:0:0,0x3:0x113,umh,4,0,24,0,1,1,0,8,1,2,None,None,None,0,0,20,1,69,1
NewsClip_720P-7e56.csv,0,8,1:0:0,0x3:0x133,umh,9,0,24,2,1,0,0,0,None,2,None,None,None,0,None,60,0,69,1
LyricVideo_720P-59ed.csv,0,8,1:0:0,0x3:0x133,umh,9,0,24,2,1,0,0,0,None,2,None,None,None,0,None,60,0,69,0
Gaming_480P-0109.csv,0,8,1:0:0,0x3:0x133,umh,9,0,24,2,1,0,0,0,1,2,None,None,None,0,0,60,0,69,1
Gaming_1080P-0a5b.csv,0,8,1:0:0,0x3:0x113,umh,4,0,24,0,1,1,0,8,1,2,None,None,None,0,0,20,1,69,1
Gaming_1080P-698a.csv,0,8,1:0:0,0x3:0x133,umh,4,0,24,2,1,1,0,8,1,2,None,None,None,0,0,60,0,69,1
Vlog_720P-372d.csv,0,8,1:0:0,0x3:0x133,umh,4,0,24,2,1,0,0,0,1,2,None,None,None,0,0,60,1,69,1
MusicVideo_1080P-0860.csv,0,8,1:0:0,0x3:0x113,umh,9,0,24,2,1,0,0,0,1,2,None,None,None,0,0,60,0,69,1
MusicVideo_720P-4ad2.csv,0,8,1:0:0,0x3:0x133,umh,9,0,24,2,1,0,0,0,1,2,None,None,None,0,0,60,0,69,1
Vlog_1080P-1a53.csv,0,8,1:0:0,0x3:0x133,umh,9,0,24,2,1,0,0,0,1,2,None,None,None,0,0,60,0,69,1
Vlog_1080P-52fe.csv,0,8,1:0:0,0x3:0x113,umh,9,0,24,2,1,0,0,0,1,2,None,None,None,0,0,60,0,69,1
VR_1080P-76a2.csv,0,8,1:0:0,0x3:0x133,umh,9,0,24,2,1,0,0,0,1,2,None,None,None,0,0,60,0,69,1
NewsClip_480P-72b8.csv,0,8,1:0:0,0x3:0x133,umh,9,0,24,2,1,0,0,0,1,2,None,None,None,0,0,60,0,69,1
Animation_480P-70d4.csv,0,8,1:0:0,0x3:0x133,umh,9,0,16,2,1,0,0,0,None,2,None,None,None,0,0,60,0,69,1
HowTo_360P-4276.csv,0,8,1:0:0,0x3:0x133,umh,9,0,24,2,1,0,0,0,1,2,None,None,None,0,0,60,0,69,1
TelevisionClip_480P-0e46.csv,0,8,1:0:0,0x3:0x133,umh,4,0,24,2,1,1,0,8,1,2,None,None,None,0,0,20,1,69,1
MusicVideo_480P-483b.csv,0,8,1:0:0,0x3:0x133,umh,9,0,24,2,1,0,0,0,1,2,None,None,None,0,None,60,0,69,1
Gaming_360P-215f.csv,0,8,1:0:0,0x3:0x133,umh,9,0,24,2,1,0,0,0,1,2,None,None,None,0,0,60,0,69,1
NewsClip_360P-1eae.csv,0,8,1:0:0,0x3:0x133,umh,9,0,24,2,1,0,0,0,None,2,None,None,None,0,None,60,0,69,1
NewsClip_720P-7745.csv,0,8,1:0:0,0x3:0x113,umh,9,0,16,2,1,0,0,0,1,2,None,None,None,0,0,60,0,69,1
VerticalVideo_360P-694d.csv,0,8,1:0:0,0x3:0x133,umh,9,0,24,2,1,0,0,0,None,2,None,None,None,0,None,60,0,69,1
HDR_1080P-35f4.csv,0,8,1:0:0,0x3:0x113,umh,9,0,16,2,1,0,0,0,1,2,None,None,None,0,0,60,0,69,1
Animation_360P-5de0.csv,0,8,1:0:0,0x3:0x133,umh,9,0,24,2,1,0,0,0,1,2,None,None,None,0,0,60,0,69,1
VR_2160P-176f.csv,0,8,1:0:0,0x3:0x133,umh,9,0,24,2,1,0,0,0,1,2,None,None,None,0,0,60,0,69,1
Lecture_720P-07e0.csv,0,8,1:0:0,0x3:0x133,umh,9,0,24,2,1,0,0,0,1,2,None,None,None,0,0,60,0,69,1
Vlog_1080P-19cc.csv,0,8,1:0:0,0x3:0x133,umh,4,0,24,0,1,1,0,0,1,2,None,None,None,0,0,20,1,69,1
VR_2160P-0e03.csv,0,8,1:0:0,0x3:0x133,umh,9,0,16,2,1,0,0,0,None,2,None,None,None,0,0,60,0,69,0
Vlog_360P-7334.csv,0,8,1:0:0,0x3:0x133,umh,9,0,24,2,1,0,0,0,1,2,None,None,None,0,None,60,0,69,1
Gaming_2160P-6bb6.csv,0,8,1:0:0,0x3:0x113,umh,9,0,16,2,1,0,0,0,1,2,None,None,None,0,0,60,0,69,1
MusicVideo_360P-5699.csv,0,8,1:0:0,0x3:0x133,umh,9,0,24,2,1,0,0,0,1,2,None,None,None,0,0,60,0,69,1
Sports_1080P-0d0c.csv,0,8,1:0:0,0x3:0x133,umh,9,0,24,2,1,0,0,0,1,2,None,None,None,0,0,60,0,69,1
VR_2160P-5c23.csv,0,8,1:0:0,0x3:0x133,umh,9,0,24,2,1,0,0,0,None,2,None,None,None,0,0,60,0,69,1
VerticalVideo_360P-7ba8.csv,0,8,1:0:0,0x3:0x133,umh,4,0,24,2,1,1,0,8,1,2,None,None,None,0,0,20,1,69,1
CoverSong_480P-1109.csv,0,8,1:0:0,0x3:0x133,umh,9,0,16,2,1,0,0,0,None,2,None,None,None,0,0,60,0,69,1
MusicVideo_480P-61ba.csv,0,8,1:0:0,0x3:0x133,umh,9,0,24,2,1,0,0,0,None,2,None,None,None,0,None,60,0,69,1
HDR_1080P-3749.csv,0,8,1:0:0,0x3:0x133,umh,9,0,24,2,1,0,0,0,1,2,None,None,None,0,0,60,0,69,1
HowTo_1080P-13aa.csv,0,8,1:0:0,0x3:0x133,umh,9,0,24,2,1,0,0,0,1,2,None,None,None,0,0,60,0,69,1
HDR_1080P-46a4.csv,0,8,1:0:0,0x3:0x113,umh,9,0,16,2,1,0,0,0,1,2,None,None,None,0,0,60,0,69,1
Vlog_360P-6279.csv,0,8,1:0:0,0x3:0x133,umh,9,0,24,2,1,0,0,0,1,2,None,None,None,0,0,60,1,69,1
Gaming_720P-5ba2.csv,0,8,1:0:0,0x3:0x133,umh,4,0,24,0,1,1,0,0,1,2,None,None,None,0,0,20,0,69,1
Gaming_480P-0a30.csv,0,8,1:0:0,0x3:0x133,umh,9,0,24,2,1,0,0,0,1,2,None,None,None,0,0,60,1,69,1
HowTo_720P-12f7.csv,0,8,1:0:0,0x3:0x133,umh,9,0,16,2,1,0,0,0,None,2,None,None,None,0,0,60,0,69,0
Gaming_1080P-2927.csv,0,8,1:0:0,0x3:0x133,umh,9,0,24,2,1,0,0,0,None,2,None,None,None,0,None,60,0,69,1
Animation_1080P-5083.csv,0,8,1:0:0,0x3:0x113,umh,9,0,24,2,1,0,0,0,1,2,None,None,None,0,0,60,0,69,0
HowTo_720P-7878.csv,0,8,1:0:0,0x3:0x133,umh,9,0,24,2,1,0,0,0,1,2,None,None,None,0,0,60,0,69,1
NewsClip_480P-49c9.csv,0,8,1:0:0,0x3:0x133,umh,9,0,24,2,1,0,0,0,1,2,None,None,None,0,0,60,1,69,1
Vlog_360P-4ad1.csv,0,8,1:0:0,0x3:0x133,umh,4,0,24,2,1,0,0,0,1,2,None,None,None,0,0,60,1,69,1
Animation_1080P-01b3.csv,0,8,1:0:0,0x3:0x133,umh,9,0,24,2,1,0,0,0,None,2,None,None,None,0,None,60,0,69,0
Gaming_480P-445b.csv,0,8,1:0:0,0x3:0x133,umh,4,0,24,2,1,0,0,0,1,2,None,None,None,0,0,60,0,69,1
HowTo_360P-7dcd.csv,0,8,1:0:0,0x3:0x133,umh,9,0,24,2,1,0,0,0,None,2,None,None,None,0,None,60,0,69,0
HDR_1080P-1e5b.csv,0,8,1:0:0,0x3:0x113,umh,9,0,24,2,1,0,0,0,1,2,None,None,None,0,0,60,0,69,0
LyricVideo_480P-1484.csv,0,8,1:0:0,0x3:0x113,umh,4,0,24,2,1,0,0,0,1,2,None,None,None,0,None,None,0,69,1
Vlog_2160P-11c0.csv,0,8,1:0:0,0x3:0x113,umh,9,0,24,2,1,0,-2,0,1,2,None,None,None,0,0,60,0,69,1
VR_720P-43fc.csv,0,8,1:0:0,0x3:0x133,umh,9,0,24,2,1,0,0,0,1,2,None,None,None,0,0,60,0,69,1
Gaming_480P-1542.csv,0,8,1:0:0,0x3:0x133,umh,9,0,24,2,1,0,0,0,1,2,None,None,None,0,0,60,1,69,1
NewsClip_1080P-5b53.csv,0,8,1:0:0,0x3:0x133,umh,9,0,24,2,1,0,0,0,None,2,None,None,None,0,None,60,0,69,1
Lecture_480P-74ea.csv,0,8,1:0:0,0x3:0x133,umh,9,0,24,2,1,0,0,0,None,2,None,None,None,0,None,60,0,69,1
VR_2160P-6d71.csv,0,8,1:0:0,0x3:0x113,umh,9,0,24,2,1,0,0,0,1,2,None,None,None,0,0,60,0,69,1
LyricVideo_1080P-12af.csv,0,8,1:0:0,0x3:0x133,umh,9,0,24,2,1,0,0,0,1,2,None,None,None,0,0,60,1,69,1
HowTo_360P-6a0e.csv,0,8,1:0:0,0x3:0x133,umh,9,0,24,2,1,0,0,0,None,2,None,None,None,0,0,60,0,69,1
VerticalVideo_480P-2aa1.csv,0,8,1:0:0,0x3:0x133,umh,9,0,24,2,1,0,0,0,1,2,None,None,None,0,0,60,0,69,1
Gaming_480P-61ee.csv,0,8,1:0:0,0x3:0x133,umh,9,0,24,2,1,0,0,0,1,2,None,None,None,0,0,60,0,69,1
CoverSong_360P-69ef.csv,0,8,1:0:0,0x3:0x133,umh,9,0,24,2,1,0,0,0,None,2,None,None,None,0,None,60,0,69,1
LyricVideo_360P-0ac7.csv,0,8,1:0:0,0x3:0x133,umh,9,0,24,2,1,0,0,0,1,2,None,None,None,0,0,60,0,69,1
MusicVideo_720P-14f0.csv,0,8,1:0:0,0x3:0x133,umh,9,0,16,2,1,0,0,0,None,2,None,None,None,0,0,60,0,69,0
Vlog_360P-4697.csv,0,8,1:0:0,0x3:0x133,umh,9,0,24,2,1,0,0,0,1,2,None,None,None,0,0,60,0,69,1
Animation_480P-087e.csv,0,8,1:0:0,0x3:0x133,umh,9,0,16,2,1,0,0,0,None,2,None,None,None,0,0,60,0,69,0
LyricVideo_1080P-0625.csv,0,8,1:0:0,0x3:0x133,umh,9,0,24,2,1,0,0,0,None,2,None,None,None,0,None,60,0,69,0
VerticalVideo_720P-7517.csv,0,8,1:0:0,0x3:0x133,umh,9,0,24,2,1,0,0,0,1,2,None,None,None,0,0,60,0,69,1
HDR_1080P-55c4.csv,0,8,1:0:0,0x3:0x133,umh,9,0,24,2,1,0,0,0,None,2,None,None,None,0,None,60,0,69,0
HDR_1080P-13eb.csv,0,8,1:0:0,0x3:0x133,umh,9,0,24,2,1,0,0,0,1,2,None,None,None,0,0,60,0,69,1
TelevisionClip_1080P-3e42.csv,0,8,1:0:0,0x3:0x133,umh,9,0,24,2,1,0,0,0,None,2,None,None,None,0,0,60,0,69,1
Sports_2160P-6b28.csv,0,8,1:0:0,0x3:0x133,umh,9,0,24,2,1,0,0,0,None,2,None,None,None,0,None,60,0,69,0
Gaming_360P-3a6b.csv,0,8,1:0:0,0x3:0x133,umh,9,0,24,2,1,0,0,0,1,2,None,None,None,0,0,60,0,69,1
VR_1080P-04fc.csv,0,8,1:0:0,0x3:0x133,umh,9,0,24,2,1,0,0,0,1,2,None,None,None,0,0,60,0,69,1
Sports_1080P-6571.csv,0,8,1:0:0,0x3:0x133,umh,9,0,24,2,1,0,0,0,1,2,None,None,None,0,0,60,0,69,1
Animation_360P-47cc.csv,0,8,1:0:0,0x3:0x133,umh,9,0,24,2,1,0,0,0,1,2,None,None,None,0,0,60,0,69,1
VerticalVideo_720P-7c1d.csv,0,8,1:0:0,0x3:0x133,umh,9,0,24,2,1,0,0,0,None,2,None,None,None,0,None,60,0,69,0
VR_1080P-0427.csv,0,8,1:0:0,0x3:0x133,umh,9,0,24,2,1,0,0,0,None,2,None,None,None,0,None,60,0,69,1
NewsClip_360P-5752.csv,0,8,1:0:0,0x3:0x133,umh,4,0,24,2,1,1,0,8,1,2,None,None,None,0,0,60,1,69,1
LiveMusic_360P-1d94.csv,0,8,1:0:0,0x3:0x133,umh,9,0,24,2,1,0,0,0,1,2,None,None,None,0,0,60,0,69,1
Vlog_2160P-2b2d.csv,0,8,1:0:0,0x3:0x113,umh,4,0,16,2,1,0,0,0,1,2,None,None,None,0,None,None,0,69,1
Gaming_1080P-45fc.csv,0,8,1:0:0,0x3:0x133,umh,9,0,16,2,1,0,0,0,None,2,None,None,None,0,0,60,0,69,0
HowTo_1080P-7f4c.csv,0,8,1:0:0,0x3:0x133,umh,9,0,24,2,1,0,0,0,None,2,None,None,None,0,None,60,0,69,0
Vlog_2160P-7f05.csv,0,8,1:0:0,0x3:0x113,umh,4,0,24,2,1,0,0,0,1,2,None,None,None,0,40,20,0,69,1
LyricVideo_720P-09ed.csv,0,8,1:0:0,0x3:0x133,umh,9,0,24,2,1,0,0,0,1,2,None,None,None,0,0,60,0,69,1
NewsClip_480P-36d0.csv,0,8,1:0:0,0x3:0x133,umh,9,0,24,2,1,0,0,0,1,2,None,None,None,0,0,60,0,69,1
LiveMusic_1080P-6b1c.csv,0,8,1:0:0,0x3:0x113,umh,9,0,24,2,1,1,0,0,1,2,None,None,None,0,None,60,0,69,1
TelevisionClip_1080P-3b9b.csv,0,8,1:0:0,0x3:0x133,umh,9,0,24,2,1,0,0,0,1,2,None,None,None,0,0,60,0,69,1
LiveMusic_1080P-6d1a.csv,0,8,1:0:0,0x3:0x113,umh,9,0,16,2,1,0,0,0,None,2,None,None,None,0,0,60,0,69,0
NewsClip_480P-2ba7.csv,0,8,1:0:0,0x3:0x113,umh,9,0,24,2,1,0,0,0,1,2,None,None,None,0,0,60,0,69,1
HowTo_360P-2a3b.csv,0,8,1:0:0,0x3:0x133,umh,9,0,24,2,1,0,0,0,None,2,None,None,None,0,None,60,0,69,1
Vlog_2160P-6f92.csv,0,8,1:0:0,0x3:0x113,umh,4,0,16,2,1,0,0,0,1,2,None,None,None,0,0,None,0,69,1
Gaming_480P-4560.csv,0,8,1:0:0,0x3:0x133,umh,4,0,24,0,1,1,0,0,1,2,None,None,None,0,0,20,0,69,1
CoverSong_1080P-0f33.csv,0,8,1:0:0,0x3:0x113,umh,9,0,16,2,1,0,0,0,1,2,None,None,None,0,0,60,0,69,1
MusicVideo_720P-734f.csv,0,8,1:0:0,0x3:0x133,umh,9,0,16,2,1,0,0,0,None,2,None,None,None,0,0,60,0,69,1
NewsClip_1080P-5be1.csv,0,8,1:0:0,0x3:0x133,umh,9,0,24,2,1,0,0,0,1,2,None,None,None,0,0,60,0,69,1
Sports_2160P-3d85.csv,0,8,1:0:0,0x3:0x133,umh,4,0,24,0,1,1,0,0,1,2,None,None,None,0,0,20,0,69,1
VR_1080P-08f0.csv,0,8,1:0:0,0x3:0x133,umh,4,0,24,2,1,0,0,0,1,2,None,None,None,0,0,60,0,69,1
TelevisionClip_720P-1b61.csv,0,8,1:0:0,0x3:0x133,umh,9,0,24,2,1,0,0,0,1,2,None,None,None,0,0,60,0,69,1
Sports_360P-61f6.csv,0,8,1:0:0,0x3:0x133,umh,4,0,24,2,1,0,0,0,1,2,None,None,None,0,0,60,0,69,1
Sports_360P-0dda.csv,0,8,1:0:0,0x3:0x133,umh,4,0,24,0,1,1,0,8,1,2,None,None,None,0,0,20,1,69,1
LiveMusic_360P-2b0f.csv,0,8,1:0:0,0x3:0x133,umh,9,0,24,2,1,0,0,0,1,2,None,None,None,0,0,60,0,69,1
VerticalVideo_480P-1bb9.csv,0,8,1:0:0,0x3:0x133,umh,9,0,24,2,1,0,0,0,1,2,None,None,None,0,0,60,0,69,1
Sports_1080P-5d25.csv,0,8,1:0:0,0x3:0x113,umh,4,0,24,2,1,1,0,8,1,2,None,None,None,0,0,20,1,69,1
LyricVideo_1080P-756a.csv,0,8,1:0:0,0x3:0x133,umh,9,0,24,2,1,0,0,0,1,2,None,None,None,0,0,60,0,69,1
Lecture_480P-02f2.csv,0,8,1:0:0,0x3:0x133,umh,4,0,16,2,1,0,0,0,1,2,None,None,None,0,0,60,0,69,1
MusicVideo_480P-4cc8.csv,0,8,1:0:0,0x3:0x133,umh,9,0,16,2,1,0,0,0,None,2,None,None,None,0,0,60,0,69,1
Animation_1080P-3dbf.csv,0,8,1:0:0,0x3:0x133,umh,9,0,24,2,1,0,0,0,None,2,None,None,None,0,None,60,0,69,0
Vlog_360P-7efe.csv,0,8,1:0:0,0x3:0x133,umh,9,0,24,2,1,0,0,0,1,2,None,None,None,0,0,60,0,69,1
NewsClip_480P-31bd.csv,0,8,1:0:0,0x3:0x133,umh,9,0,24,2,1,0,0,0,None,2,None,None,None,0,None,60,0,69,1
HowTo_480P-470b.csv,0,8,1:0:0,0x3:0x133,umh,9,0,24,2,1,0,0,0,1,2,None,None,None,0,0,60,0,69,1
LyricVideo_720P-0ae4.csv,0,8,1:0:0,0x3:0x133,umh,4,0,24,2,1,0,0,0,1,2,None,None,None,0,0,20,1,69,1
Vlog_1080P-4ba9.csv,0,8,1:0:0,0x3:0x113,umh,4,0,16,2,1,0,0,0,1,2,None,None,None,0,0,20,0,69,1
TelevisionClip_1080P-63e6.csv,0,8,1:0:0,0x3:0x133,umh,9,0,24,2,1,0,0,0,1,2,None,None,None,0,0,60,0,69,1
VR_1080P-313b.csv,0,8,1:0:0,0x3:0x133,umh,9,0,24,2,1,0,0,0,1,2,None,None,None,0,0,60,0,69,1
Lecture_1080P-2b11.csv,0,8,1:0:0,0x3:0x133,umh,9,0,24,2,1,0,0,0,1,2,None,None,None,0,0,60,0,69,1
VR_720P-1dd7.csv,0,8,1:0:0,0x3:0x113,umh,9,0,24,2,1,0,0,0,1,2,None,None,None,0,0,60,0,69,1
Sports_720P-5ea4.csv,0,8,1:0:0,0x3:0x133,umh,4,0,24,0,1,1,0,0,1,2,None,None,None,0,0,20,1,69,1
Gaming_2160P-673d.csv,0,8,1:0:0,0x3:0x133,umh,9,0,24,2,1,0,0,0,None,2,None,None,None,0,None,60,0,69,0
Vlog_2160P-2953.csv,0,8,1:0:0,0x3:0x113,umh,4,0,16,2,1,0,0,0,1,2,None,None,None,0,0,20,0,69,1
MusicVideo_1080P-16e6.csv,0,8,1:0:0,0x3:0x133,umh,9,0,24,2,1,0,0,0,1,2,None,None,None,0,0,60,0,69,1
CoverSong_480P-3076.csv,0,8,1:0:0,0x3:0x133,umh,9,0,24,2,1,0,0,0,1,2,None,None,None,0,0,60,0,69,0
CoverSong_720P-0239.csv,0,8,1:0:0,0x3:0x133,umh,9,0,24,2,1,0,0,0,1,2,None,None,None,0,None,60,0,69,1
TelevisionClip_720P-44d1.csv,0,8,1:0:0,0x3:0x133,umh,9,0,24,2,1,0,0,0,1,2,None,None,None,0,0,60,0,69,1
Vlog_720P-6d56.csv,0,8,1:0:0,0x3:0x113,umh,9,0,24,2,1,0,0,0,1,2,None,None,None,0,None,60,0,69,1
Vlog_1080P-64b6.csv,0,8,1:0:0,0x3:0x113,umh,9,0,24,2,1,0,0,0,1,2,None,None,None,0,0,60,1,69,1
Sports_1080P-78fa.csv,0,8,1:0:0,0x3:0x113,umh,4,0,24,0,1,1,0,0,1,2,None,None,None,0,0,20,0,69,1
VerticalVideo_720P-6580.csv,0,8,1:0:0,0x3:0x133,umh,9,0,16,2,1,0,0,0,None,2,None,None,None,0,0,60,0,69,0
NewsClip_360P-12fc.csv,0,8,1:0:0,0x3:0x113,umh,9,0,24,2,1,0,0,0,1,2,None,None,None,0,0,60,0,69,1
Gaming_1080P-6578.csv,0,8,1:0:0,0x3:0x133,umh,4,0,24,2,1,1,0,0,1,2,None,None,None,0,0,60,1,69,1
NewsClip_480P-2642.csv,0,8,1:0:0,0x3:0x133,umh,9,0,16,2,1,0,0,0,None,2,None,None,None,0,0,60,0,69,0
NewsClip_480P-3672.csv,0,8,1:0:0,0x3:0x133,umh,9,0,24,2,1,0,0,0,1,2,None,None,None,0,0,60,0,69,1
Vlog_720P-03d5.csv,0,8,1:0:0,0x3:0x133,umh,4,0,24,2,1,1,0,8,1,2,None,None,None,0,0,20,1,69,1
NewsClip_720P-739b.csv,0,8,1:0:0,0x3:0x133,umh,9,0,24,2,1,0,0,0,1,2,None,None,None,0,0,60,0,69,1
LyricVideo_1080P-23db.csv,0,8,1:0:0,0x3:0x133,umh,4,0,24,2,1,1,0,8,1,2,None,None,None,0,0,60,0,69,1
NewsClip_360P-0376.csv,0,8,1:0:0,0x3:0x133,umh,9,0,24,2,1,0,0,0,1,2,None,None,None,0,0,60,0,69,1
NewsClip_1080P-00c3.csv,0,8,1:0:0,0x3:0x133,umh,9,0,24,2,1,0,0,0,1,2,None,None,None,0,0,60,0,69,1
Vlog_1080P-58ad.csv,0,8,1:0:0,0x3:0x133,umh,9,0,24,2,1,0,0,0,None,2,None,None,None,0,0,60,0,69,1
Vlog_480P-5ebd.csv,0,8,1:0:0,0x3:0x133,umh,4,0,24,0,1,1,0,0,1,2,None,None,None,0,0,20,1,69,1
VerticalVideo_720P-44de.csv,0,8,1:0:0,0x3:0x133,umh,9,0,24,2,1,0,0,0,1,2,None,None,None,0,0,60,0,69,1
Lecture_480P-4bc3.csv,0,8,1:0:0,0x3:0x133,umh,4,0,24,2,1,0,0,0,1,2,None,None,None,0,0,60,0,69,1
VR_2160P-613e.csv,0,8,1:0:0,0x3:0x133,umh,9,0,24,2,1,0,0,0,1,2,None,None,None,0,0,60,0,69,1
HDR_1080P-282a.csv,0,8,1:0:0,0x3:0x113,umh,9,0,24,2,1,0,0,0,1,2,None,None,None,0,0,60,0,69,0
Vlog_720P-1003.csv,0,8,1:0:0,0x3:0x133,umh,4,0,24,2,1,0,0,0,1,2,None,None,None,0,0,60,0,69,1
Vlog_720P-11c5.csv,0,8,1:0:0,0x3:0x133,umh,9,0,24,2,1,0,0,0,1,2,None,None,None,0,0,60,0,69,1
LiveMusic_1080P-3f95.csv,0,8,1:0:0,0x3:0x133,umh,9,0,24,2,1,0,0,0,1,2,None,None,None,0,0,60,0,69,1
Gaming_720P-1cbb.csv,0,8,1:0:0,0x3:0x133,umh,4,0,24,2,1,0,0,0,1,2,None,None,None,0,0,60,1,69,1
Animation_1080P-2fff.csv,0,8,1:0:0,0x3:0x113,umh,4,0,24,0,1,1,0,0,1,2,None,None,None,0,0,20,0,69,1
VR_2160P-6567.csv,0,8,1:0:0,0x3:0x133,umh,9,0,24,2,1,0,0,0,1,2,None,None,None,0,0,60,0,69,1
MusicVideo_360P-7b94.csv,0,8,1:0:0,0x3:0x113,umh,9,0,24,2,1,0,0,0,1,2,None,None,None,0,0,60,0,69,1
CoverSong_1080P-1b08.csv,0,8,1:0:0,0x3:0x133,umh,9,0,24,2,1,0,0,0,None,2,None,None,None,0,0,60,0,69,1
Animation_2160P-6f3b.csv,0,8,1:0:0,0x3:0x113,umh,9,0,24,2,1,0,-2,0,None,2,None,None,None,0,None,60,0,69,1
CoverSong_480P-7443.csv,0,8,1:0:0,0x3:0x133,umh,9,0,24,2,1,0,0,0,1,2,None,None,None,0,0,60,0,69,1
Vlog_1080P-3744.csv,0,8,1:0:0,0x3:0x113,umh,4,0,16,2,1,1,0,0,1,2,None,None,None,0,0,20,0,69,1
VR_1080P-4aeb.csv,0,8,1:0:0,0x3:0x133,umh,4,0,24,2,1,0,0,0,1,2,None,None,None,0,0,60,0,69,1
Vlog_480P-7ecf.csv,0,8,1:0:0,0x3:0x133,umh,4,0,24,2,1,1,0,8,1,2,None,None,None,0,0,20,1,69,1
VerticalVideo_360P-2bb0.csv,0,8,1:0:0,0x3:0x133,umh,9,0,16,2,1,0,0,0,1,2,None,None,None,0,0,60,0,69,1
Lecture_360P-27db.csv,0,8,1:0:0,0x3:0x133,umh,9,0,24,2,1,0,0,0,None,2,None,None,None,0,None,60,0,69,1
Gaming_720P-5973.csv,0,8,1:0:0,0x3:0x133,umh,4,0,24,2,1,1,0,8,1,2,None,None,None,0,0,20,1,69,1
LiveMusic_360P-121f.csv,0,8,1:0:0,0x3:0x133,umh,4,0,24,2,1,0,0,0,1,2,None,None,None,0,0,60,0,69,1
HowTo_480P-3435.csv,0,8,1:0:0,0x3:0x133,umh,9,0,24,2,1,0,0,0,1,2,None,None,None,0,0,60,1,69,1
Sports_360P-301d.csv,0,8,1:0:0,0x3:0x133,umh,4,0,24,0,1,1,0,0,1,2,None,None,None,0,0,20,1,69,1
VR_2160P-36ac.csv,0,8,1:0:0,0x3:0x133,umh,9,0,24,2,1,0,0,0,1,2,None,None,None,0,0,60,0,69,1
Vlog_480P-476b.csv,0,8,1:0:0,0x3:0x133,umh,9,0,24,2,1,0,0,0,1,2,None,None,None,0,0,60,0,69,1
LyricVideo_1080P-1b04.csv,0,8,1:0:0,0x3:0x133,umh,9,0,24,2,1,0,0,0,1,2,None,None,None,0,0,60,0,69,1
CoverSong_360P-0a9d.csv,0,8,1:0:0,0x3:0x133,umh,9,0,24,2,1,0,0,0,None,2,None,None,None,0,None,60,0,69,1
NewsClip_1080P-7816.csv,0,8,1:0:0,0x3:0x133,umh,9,0,24,2,1,0,0,0,1,2,None,None,None,0,0,60,0,69,1
Animation_720P-41d6.csv,0,8,1:0:0,0x3:0x133,umh,9,0,24,2,1,0,0,0,1,2,None,None,None,0,0,60,0,69,1
Lecture_1080P-73d5.csv,0,8,1:0:0,0x3:0x133,umh,9,0,16,2,1,0,0,0,None,2,None,None,None,0,0,60,0,69,0
VR_2160P-2dc9.csv,0,8,1:0:0,0x3:0x133,umh,9,0,24,2,1,0,0,0,None,2,None,None,None,0,None,60,0,69,0
VR_2160P-40af.csv,0,8,1:0:0,0x3:0x133,umh,9,0,24,2,1,0,0,0,1,2,None,None,None,0,0,60,0,69,1
Vlog_480P-7237.csv,0,8,1:0:0,0x3:0x133,umh,4,0,24,2,1,0,0,0,1,2,None,None,None,0,0,60,1,69,1
Vlog_480P-279d.csv,0,8,1:0:0,0x3:0x133,umh,9,0,24,2,1,0,0,0,1,2,None,None,None,0,0,60,1,69,1
VR_1080P-6261.csv,0,8,1:0:0,0x3:0x133,umh,9,0,24,2,1,0,-2,0,None,2,None,None,None,0,None,60,0,69,1
Animation_480P-4e36.csv,0,8,1:0:0,0x3:0x133,umh,9,0,16,2,1,0,0,0,1,2,None,None,None,0,0,60,0,69,0
HowTo_1080P-63e4.csv,0,8,1:0:0,0x3:0x133,umh,4,0,24,2,1,0,0,0,1,2,None,None,None,0,0,60,0,69,1
LiveMusic_720P-6452.csv,0,8,1:0:0,0x3:0x133,umh,9,0,24,2,1,0,0,0,1,2,None,None,None,0,0,60,0,69,1
Sports_1080P-47e9.csv,0,8,1:0:0,0x3:0x133,umh,9,0,24,2,1,0,0,0,None,2,None,None,None,0,None,60,0,69,1
HowTo_360P-7fb1.csv,0,8,1:0:0,0x3:0x133,umh,9,0,24,2,1,0,0,0,1,2,None,None,None,0,0,60,0,69,1
VerticalVideo_360P-1424.csv,0,8,1:0:0,0x3:0x133,umh,9,0,24,2,1,0,0,0,1,2,None,None,None,0,0,60,0,69,1
HowTo_720P-06eb.csv,0,8,1:0:0,0x3:0x133,umh,9,0,24,2,1,0,0,0,None,2,None,None,None,0,None,60,0,69,0
Vlog_720P-2929.csv,0,8,1:0:0,0x3:0x133,umh,4,0,24,0,1,1,0,0,1,2,None,None,None,0,0,20,1,69,1
VR_2160P-7874.csv,0,8,1:0:0,0x3:0x113,umh,4,0,24,2,1,1,0,8,1,2,None,None,None,0,0,20,1,69,1
Vlog_720P-135c.csv,0,8,1:0:0,0x3:0x133,umh,9,0,24,2,1,0,0,0,1,2,None,None,None,0,0,60,0,69,1
MusicVideo_480P-5461.csv,0,8,1:0:0,0x3:0x133,umh,9,0,24,2,1,0,0,0,1,2,None,None,None,0,0,60,1,69,1
NewsClip_360P-7a96.csv,0,8,1:0:0,0x3:0x133,umh,9,0,24,2,1,0,0,0,1,2,None,None,None,0,0,60,0,69,1
MusicVideo_720P-2d7d.csv,0,8,1:0:0,0x3:0x113,umh,4,0,16,2,1,0,0,0,1,2,None,None,None,0,0,None,0,69,1
Vlog_2160P-09c9.csv,0,8,1:0:0,0x3:0x113,umh,4,0,24,2,1,1,0,8,1,2,None,None,None,0,0,20,1,69,1
Gaming_360P-0b98.csv,0,8,1:0:0,0x3:0x133,umh,9,0,24,2,1,0,0,0,1,2,None,None,None,0,None,60,0,69,1
Vlog_1080P-04fe.csv,0,8,1:0:0,0x3:0x113,umh,4,0,24,2,1,1,0,0,1,2,None,None,None,0,None,None,0,69,1
Lecture_360P-2276.csv,0,8,1:0:0,0x3:0x133,umh,9,0,24,2,1,0,0,0,1,2,None,None,None,0,0,60,0,69,1
LyricVideo_360P-5e87.csv,0,8,1:0:0,0x3:0x133,umh,9,0,24,2,1,0,0,0,None,2,None,None,None,0,0,60,0,69,0
Sports_720P-0104.csv,0,8,1:0:0,0x3:0x133,umh,9,0,24,2,1,0,0,0,1,2,None,None,None,0,0,60,0,69,1
Sports_720P-4b69.csv,0,8,1:0:0,0x3:0x133,umh,9,0,24,2,1,0,0,0,1,2,None,None,None,0,0,60,0,69,1
VR_1080P-38d6.csv,0,8,1:0:0,0x3:0x113,umh,4,0,24,2,1,0,0,0,1,2,None,None,None,0,0,20,0,69,1
Vlog_480P-7754.csv,0,8,1:0:0,0x3:0x133,umh,9,0,24,2,1,0,0,0,None,2,None,None,None,0,0,60,0,69,1
Sports_1080P-7584.csv,0,8,1:0:0,0x3:0x133,umh,9,0,24,2,1,0,0,0,1,2,None,None,None,0,0,60,1,69,1
Lecture_720P-4c87.csv,0,8,1:0:0,0x3:0x113,umh,4,0,16,2,1,0,0,0,1,2,None,None,None,0,0,20,0,69,1
Animation_360P-5712.csv,0,8,1:0:0,0x3:0x133,umh,9,0,24,2,1,0,0,0,None,2,None,None,None,0,None,60,0,69,1
NewsClip_720P-7b97.csv,0,8,1:0:0,0x3:0x133,umh,9,0,16,2,1,0,0,0,None,2,None,None,None,0,0,60,0,69,0
Gaming_720P-7afd.csv,0,8,1:0:0,0x3:0x113,umh,4,0,24,2,1,0,0,0,1,2,None,None,None,0,40,20,0,69,1
Lecture_1080P-1969.csv,0,8,1:0:0,0x3:0x133,umh,9,0,24,2,1,0,0,0,1,2,None,None,None,0,0,60,0,69,0
Animation_720P-4268.csv,0,8,1:0:0,0x3:0x113,umh,4,0,16,2,1,0,0,0,1,2,None,None,None,0,0,20,0,69,1
LyricVideo_480P-0f72.csv,0,8,1:0:0,0x3:0x133,umh,4,0,24,0,1,1,0,8,1,2,None,None,None,0,0,20,0,69,1
LiveMusic_360P-48d5.csv,0,8,1:0:0,0x3:0x133,umh,4,0,24,2,1,0,0,0,1,2,None,None,None,0,0,60,0,69,1
Lecture_480P-7e55.csv,0,8,1:0:0,0x3:0x133,umh,9,0,24,2,1,0,0,0,1,2,None,None,None,0,0,60,0,69,1
HowTo_360P-4e4c.csv,0,8,1:0:0,0x3:0x133,umh,9,0,24,2,1,0,0,0,None,2,None,None,None,0,0,60,0,69,1
VR_720P-339f.csv,0,8,1:0:0,0x3:0x133,umh,9,0,24,2,1,0,0,0,1,2,None,None,None,0,0,60,0,69,1
NewsClip_360P-22ce.csv,0,8,1:0:0,0x3:0x133,umh,9,0,24,2,1,1,0,0,1,2,None,None,None,0,0,60,1,69,1
Gaming_360P-73c7.csv,0,8,1:0:0,0x3:0x133,umh,9,0,24,2,1,0,0,0,1,2,None,None,None,0,0,60,1,69,1
MusicVideo_480P-5830.csv,0,8,1:0:0,0x3:0x113,umh,9,0,24,2,1,0,0,0,1,2,None,None,None,0,0,60,1,69,1
Animation_480P-6e23.csv,0,8,1:0:0,0x3:0x133,umh,9,0,16,2,1,0,0,0,None,2,None,None,None,0,0,60,0,69,0
CoverSong_1080P-6f26.csv,0,8,1:0:0,0x3:0x113,umh,9,0,24,2,1,0,0,0,1,2,None,None,None,0,0,60,0,69,1
Gaming_360P-48b0.csv,0,8,1:0:0,0x3:0x133,umh,9,0,24,2,1,0,0,0,1,2,None,None,None,0,0,60,1,69,1
VR_1080P-1a9c.csv,0,8,1:0:0,0x3:0x133,umh,9,0,24,2,1,0,0,0,1,2,None,None,None,0,0,60,0,69,1
HowTo_480P-32c9.csv,0,8,1:0:0,0x3:0x133,umh,9,0,24,2,1,0,0,0,None,2,None,None,None,0,None,60,0,69,0
CoverSong_360P-6da7.csv,0,8,1:0:0,0x3:0x113,umh,9,0,24,2,1,0,0,0,1,2,None,None,None,0,0,60,0,69,1
HowTo_720P-4d55.csv,0,8,1:0:0,0x3:0x133,umh,9,0,24,2,1,0,0,0,1,2,None,None,None,0,0,60,0,69,1
Lecture_720P-11e7.csv,0,8,1:0:0,0x3:0x133,umh,9,0,24,2,1,0,0,0,1,2,None,None,None,0,0,60,0,69,1
Sports_2160P-324e.csv,0,8,1:0:0,0x3:0x133,umh,9,0,24,2,1,0,0,0,None,2,None,None,None,0,0,60,0,69,1
Sports_720P-50cf.csv,0,8,1:0:0,0x3:0x133,umh,4,0,24,2,1,1,0,8,1,2,None,None,None,0,0,20,1,69,1
Gaming_1080P-3d58.csv,0,8,1:0:0,0x3:0x133,umh,4,0,24,2,1,1,0,0,1,2,None,None,None,0,0,60,1,69,1
Gaming_1080P-223e.csv,0,8,1:0:0,0x3:0x113,umh,9,0,16,2,1,0,0,0,1,2,None,None,None,0,0,60,0,69,1
Lecture_1080P-6089.csv,0,8,1:0:0,0x3:0x113,umh,9,0,24,2,1,0,0,0,1,2,None,None,None,0,0,60,0,69,1
Sports_480P-1d1b.csv,0,8,1:0:0,0x3:0x133,umh,4,0,24,2,1,1,0,8,1,2,None,None,None,0,0,20,1,69,1
Sports_360P-6b4f.csv,0,8,1:0:0,0x3:0x133,umh,4,0,24,2,1,0,0,0,1,2,None,None,None,0,0,60,0,69,1
Vlog_2160P-059c.csv,0,8,1:0:0,0x3:0x113,umh,4,0,16,2,1,0,0,0,1,2,None,None,None,0,0,20,0,69,1
HowTo_480P-0cb3.csv,0,8,1:0:0,0x3:0x133,umh,9,0,24,2,1,0,0,0,1,2,None,None,None,0,0,60,1,69,1
VerticalVideo_480P-729c.csv,0,8,1:0:0,0x3:0x133,umh,9,0,24,2,1,0,0,0,None,2,None,None,None,0,None,60,0,69,0
Sports_1080P-49c5.csv,0,8,1:0:0,0x3:0x113,umh,9,0,16,2,1,0,0,0,None,2,None,None,None,0,0,60,0,69,1
NewsClip_480P-41b1.csv,0,8,1:0:0,0x3:0x133,umh,9,0,24,2,1,0,0,0,1,2,None,None,None,0,0,60,0,69,1
Vlog_480P-6395.csv,0,8,1:0:0,0x3:0x133,umh,4,0,24,0,1,1,0,0,1,2,None,None,None,0,0,20,0,69,1
VerticalVideo_480P-572a.csv,0,8,1:0:0,0x3:0x133,umh,9,0,16,2,1,0,0,0,1,2,None,None,None,0,0,60,0,69,0
